race_season,driver_fullname,actual_wins,expected_wins,model_type,model_id,win_diff,performance_diff,over_under
2024,Kyle Larson,6,4.807417938934791,poisson,poisson_20250312_1409,1.1925820610652087,1.1925820610652087,Over
2024,Joey Logano,4,0.6421253940054976,poisson,poisson_20250312_1409,3.3578746059945024,3.3578746059945024,Over
2024,Tyler Reddick,3,1.324589489588024,poisson,poisson_20250312_1409,1.675410510411976,1.675410510411976,Over
2024,William Byron,3,1.4208825508605438,poisson,poisson_20250312_1409,1.5791174491394562,1.5791174491394562,Over
2024,Ryan Blaney,3,1.795359913690006,poisson,poisson_20250312_1409,1.204640086309994,1.204640086309994,Over
2024,Denny Hamlin,3,1.8150530869518275,poisson,poisson_20250312_1409,1.1849469130481725,1.1849469130481725,Over
2024,Christopher Bell,3,3.394446580582932,poisson,poisson_20250312_1409,-0.3944465805829318,-0.3944465805829318,Under
2024,Harrison Burton,1,0.07077935294624743,poisson,poisson_20250312_1409,0.9292206470537525,0.9292206470537525,Over
2024,Austin Dillon,1,0.0953703660894769,poisson,poisson_20250312_1409,0.9046296339105231,0.9046296339105231,Over
2024,Ricky Stenhouse Jr,1,0.16346616138080938,poisson,poisson_20250312_1409,0.8365338386191906,0.8365338386191906,Over
2024,Chase Briscoe,1,0.2445925194673554,poisson,poisson_20250312_1409,0.7554074805326446,0.7554074805326446,Over
2024,Austin Cindric,1,0.25237481743749574,poisson,poisson_20250312_1409,0.7476251825625042,0.7476251825625042,Over
2024,Daniel Suárez,1,0.25322830690601306,poisson,poisson_20250312_1409,0.7467716930939869,0.7467716930939869,Over
2024,Alex Bowman,1,0.6686131027566387,poisson,poisson_20250312_1409,0.33138689724336134,0.33138689724336134,Over
2024,Chris Buescher,1,0.7376844955653648,poisson,poisson_20250312_1409,0.26231550443463525,0.26231550443463525,Over
2024,Brad Keselowski,1,0.7904445027747027,poisson,poisson_20250312_1409,0.20955549722529732,0.20955549722529732,Over
2024,Ross Chastain,1,0.903724837546164,poisson,poisson_20250312_1409,0.09627516245383605,0.09627516245383605,Over
2024,Chase Elliott,1,1.6380893974432242,poisson,poisson_20250312_1409,-0.6380893974432242,-0.6380893974432242,Under
2024,Timmy Hill,0,1.2859426128812468e-12,poisson,poisson_20250312_1409,-1.2859426128812468e-12,-1.2859426128812468e-12,Under
2024,Chad Finchum,0,1.4461622504219763e-12,poisson,poisson_20250312_1409,-1.4461622504219763e-12,-1.4461622504219763e-12,Under
2024,Austin Hill,0,3.2158729604008957e-12,poisson,poisson_20250312_1409,-3.2158729604008957e-12,-3.2158729604008957e-12,Under
2024,David Starr,0,4.09047131765379e-12,poisson,poisson_20250312_1409,-4.09047131765379e-12,-4.09047131765379e-12,Under
2024,JJ Yeley,0,4.549835783393651e-12,poisson,poisson_20250312_1409,-4.549835783393651e-12,-4.549835783393651e-12,Under
2024,Justin Haley,0,1.9153478699578685e-11,poisson,poisson_20250312_1409,-1.9153478699578685e-11,-1.9153478699578685e-11,Under
2024,Cody Ware,0,3.078351334227393e-11,poisson,poisson_20250312_1409,-3.078351334227393e-11,-3.078351334227393e-11,Under
2024,Josh Bilicki,0,3.502345650669603e-09,poisson,poisson_20250312_1409,-3.502345650669603e-09,-3.502345650669603e-09,Under
2024,Jeb Burton,0,0.0009912094481516307,poisson,poisson_20250312_1409,-0.0009912094481516307,-0.0009912094481516307,Under
2024,Juan Pablo Montoya,0,0.0021023525963420847,poisson,poisson_20250312_1409,-0.0021023525963420847,-0.0021023525963420847,Under
2024,Will Brown,0,0.0025485255191127886,poisson,poisson_20250312_1409,-0.0025485255191127886,-0.0025485255191127886,Under
2024,Kamui Kobayashi,0,0.0036908642304607393,poisson,poisson_20250312_1409,-0.0036908642304607393,-0.0036908642304607393,Under
2024,Cam Waters,0,0.0037313291438833113,poisson,poisson_20250312_1409,-0.0037313291438833113,-0.0037313291438833113,Under
2024,Riley Herbst,0,0.004887878861691416,poisson,poisson_20250312_1409,-0.004887878861691416,-0.004887878861691416,Under
2024,Jimmie Johnson,0,0.006064771070632268,poisson,poisson_20250312_1409,-0.006064771070632268,-0.006064771070632268,Under
2024,Derek Kraus,0,0.0064419017049655745,poisson,poisson_20250312_1409,-0.0064419017049655745,-0.0064419017049655745,Under
2024,Corey Heim,0,0.00912177670769987,poisson,poisson_20250312_1409,-0.00912177670769987,-0.00912177670769987,Under
2024,Ty Dillon,0,0.0120789836777883,poisson,poisson_20250312_1409,-0.0120789836777883,-0.0120789836777883,Under
2024,Kaz Grala,0,0.015655483602981482,poisson,poisson_20250312_1409,-0.015655483602981482,-0.015655483602981482,Under
2024,BJ McLeod,0,0.017508801261919338,poisson,poisson_20250312_1409,-0.017508801261919338,-0.017508801261919338,Under
2024,Parker Retzlaff,0,0.017748681488735218,poisson,poisson_20250312_1409,-0.017748681488735218,-0.017748681488735218,Under
2024,Joey Gase,0,0.019970806910611406,poisson,poisson_20250312_1409,-0.019970806910611406,-0.019970806910611406,Under
2024,David Ragan,0,0.02130864518317934,poisson,poisson_20250312_1409,-0.02130864518317934,-0.02130864518317934,Under
2024,Anthony Alfredo,0,0.025708452081924713,poisson,poisson_20250312_1409,-0.025708452081924713,-0.025708452081924713,Under
2024,Shane Van Gisbergen,0,0.03001477586722147,poisson,poisson_20250312_1409,-0.03001477586722147,-0.03001477586722147,Under
2024,John H. Nemechek,0,0.0384015624455624,poisson,poisson_20250312_1409,-0.0384015624455624,-0.0384015624455624,Under
2024,Erik Jones,0,0.05136641987069913,poisson,poisson_20250312_1409,-0.05136641987069913,-0.05136641987069913,Under
2024,Josh Williams,0,0.0542926592382376,poisson,poisson_20250312_1409,-0.0542926592382376,-0.0542926592382376,Under
2024,Daniel Hemric,0,0.0558839102196728,poisson,poisson_20250312_1409,-0.0558839102196728,-0.0558839102196728,Under
2024,Justin Allgaier,0,0.07425313810962554,poisson,poisson_20250312_1409,-0.07425313810962554,-0.07425313810962554,Under
2024,Corey LaJoie,0,0.08654309411408918,poisson,poisson_20250312_1409,-0.08654309411408918,-0.08654309411408918,Under
2024,AJ Allmendinger,0,0.09536278554702671,poisson,poisson_20250312_1409,-0.09536278554702671,-0.09536278554702671,Under
2024,Zane Smith,0,0.10323602189849303,poisson,poisson_20250312_1409,-0.10323602189849303,-0.10323602189849303,Under
2024,Michael McDowell,0,0.1353099450245082,poisson,poisson_20250312_1409,-0.1353099450245082,-0.1353099450245082,Under
2024,Todd Gilliland,0,0.14641911662363444,poisson,poisson_20250312_1409,-0.14641911662363444,-0.14641911662363444,Under
2024,Ryan Preece,0,0.14895578947757446,poisson,poisson_20250312_1409,-0.14895578947757446,-0.14895578947757446,Under
2024,Josh Berry,0,0.19430702554314924,poisson,poisson_20250312_1409,-0.19430702554314924,-0.19430702554314924,Under
2024,Carson Hocevar,0,0.2516762619685236,poisson,poisson_20250312_1409,-0.2516762619685236,-0.2516762619685236,Under
2024,Noah Gragson,0,0.28793559125189383,poisson,poisson_20250312_1409,-0.28793559125189383,-0.28793559125189383,Under
2024,Kyle Busch,0,0.35249876680739695,poisson,poisson_20250312_1409,-0.35249876680739695,-0.35249876680739695,Under
2024,Ty Gibbs,0,0.35543362106741755,poisson,poisson_20250312_1409,-0.35543362106741755,-0.35543362106741755,Under
2024,Martin Truex Jr,0,0.48857999920518896,poisson,poisson_20250312_1409,-0.48857999920518896,-0.48857999920518896,Under
2024,Bubba Wallace,0,0.6188109065276223,poisson,poisson_20250312_1409,-0.6188109065276223,-0.6188109065276223,Under
2024,Joey Hand,0,0.9001281757430912,poisson,poisson_20250312_1409,-0.9001281757430912,-0.9001281757430912,Under
2023,William Byron,6,2.763712608749298,poisson,poisson_20250312_1409,3.236287391250702,3.236287391250702,Over
2023,Kyle Larson,4,2.279369901293325,poisson,poisson_20250312_1409,1.7206300987066752,1.7206300987066752,Over
2023,Kyle Busch,3,0.9183928292781585,poisson,poisson_20250312_1409,2.0816071707218415,2.0816071707218415,Over
2023,Ryan Blaney,3,1.0626750967997816,poisson,poisson_20250312_1409,1.9373249032002184,1.9373249032002184,Over
2023,Chris Buescher,3,1.0953281879288965,poisson,poisson_20250312_1409,1.9046718120711035,1.9046718120711035,Over
2023,Martin Truex Jr,3,1.5917494512016122,poisson,poisson_20250312_1409,1.4082505487983878,1.4082505487983878,Over
2023,Denny Hamlin,3,2.617492800361484,poisson,poisson_20250312_1409,0.38250719963851587,0.38250719963851587,Over
2023,Tyler Reddick,2,0.779485913363881,poisson,poisson_20250312_1409,1.220514086636119,1.220514086636119,Over
2023,Ross Chastain,2,0.9777158304887326,poisson,poisson_20250312_1409,1.0222841695112674,1.0222841695112674,Over
2023,Christopher Bell,2,1.879843908697724,poisson,poisson_20250312_1409,0.12015609130227589,0.12015609130227589,Over
2023,Michael McDowell,1,0.14635655983365167,poisson,poisson_20250312_1409,0.8536434401663483,0.8536434401663483,Over
2023,AJ Allmendinger,1,0.15331364485193125,poisson,poisson_20250312_1409,0.8466863551480688,0.8466863551480688,Over
2023,Ricky Stenhouse Jr,1,0.20898178222701624,poisson,poisson_20250312_1409,0.7910182177729838,0.7910182177729838,Over
2023,Shane Van Gisbergen,1,0.4521676841609908,poisson,poisson_20250312_1409,0.5478323158390093,0.5478323158390093,Over
2023,Joey Logano,1,1.1251982425177887,poisson,poisson_20250312_1409,-0.12519824251778866,-0.12519824251778866,Under
2023,BJ McLeod,0,4.195165252104535e-13,poisson,poisson_20250312_1409,-4.195165252104535e-13,-4.195165252104535e-13,Under
2023,Conor Daly,0,3.1112028335552846e-12,poisson,poisson_20250312_1409,-3.1112028335552846e-12,-3.1112028335552846e-12,Under
2023,Anthony Alfredo,0,0.001492715118085625,poisson,poisson_20250312_1409,-0.001492715118085625,-0.001492715118085625,Under
2023,Kamui Kobayashi,0,0.0015537203150142356,poisson,poisson_20250312_1409,-0.0015537203150142356,-0.0015537203150142356,Under
2023,Gray Gaulding,0,0.003290557846615359,poisson,poisson_20250312_1409,-0.003290557846615359,-0.003290557846615359,Under
2023,Sheldon Creed,0,0.003372478888332337,poisson,poisson_20250312_1409,-0.003372478888332337,-0.003372478888332337,Under
2023,Kimi Raikkonen,0,0.0034396930568113184,poisson,poisson_20250312_1409,-0.0034396930568113184,-0.0034396930568113184,Under
2023,Andy Lally,0,0.0038014925657070364,poisson,poisson_20250312_1409,-0.0038014925657070364,-0.0038014925657070364,Under
2023,Cody Ware,0,0.005231127650980355,poisson,poisson_20250312_1409,-0.005231127650980355,-0.005231127650980355,Under
2023,Josh Bilicki,0,0.005406960425222942,poisson,poisson_20250312_1409,-0.005406960425222942,-0.005406960425222942,Under
2023,Jonathan Davenport,0,0.006027986923070038,poisson,poisson_20250312_1409,-0.006027986923070038,-0.006027986923070038,Under
2023,Grant Enfinger,0,0.006038682611678962,poisson,poisson_20250312_1409,-0.006038682611678962,-0.006038682611678962,Under
2023,Matt Crafton,0,0.006351388067893358,poisson,poisson_20250312_1409,-0.006351388067893358,-0.006351388067893358,Under
2023,Ryan Newman,0,0.006897053168608044,poisson,poisson_20250312_1409,-0.006897053168608044,-0.006897053168608044,Under
2023,John H. Nemechek,0,0.006903609905802115,poisson,poisson_20250312_1409,-0.006903609905802115,-0.006903609905802115,Under
2023,Jordan Taylor,0,0.008788010090113185,poisson,poisson_20250312_1409,-0.008788010090113185,-0.008788010090113185,Under
2023,Zane Smith,0,0.009118486997167418,poisson,poisson_20250312_1409,-0.009118486997167418,-0.009118486997167418,Under
2023,Mike Rockenfeller,0,0.009492493747352016,poisson,poisson_20250312_1409,-0.009492493747352016,-0.009492493747352016,Under
2023,Cole Custer,0,0.010876497694357324,poisson,poisson_20250312_1409,-0.010876497694357324,-0.010876497694357324,Under
2023,Brodie Kostecki,0,0.012789067800080775,poisson,poisson_20250312_1409,-0.012789067800080775,-0.012789067800080775,Under
2023,Jenson Button,0,0.012976889466637139,poisson,poisson_20250312_1409,-0.012976889466637139,-0.012976889466637139,Under
2023,Brennan Poole,0,0.020512526691117545,poisson,poisson_20250312_1409,-0.020512526691117545,-0.020512526691117545,Under
2023,JJ Yeley,0,0.02166025752155249,poisson,poisson_20250312_1409,-0.02166025752155249,-0.02166025752155249,Under
2023,Noah Gragson,0,0.022907494870039027,poisson,poisson_20250312_1409,-0.022907494870039027,-0.022907494870039027,Under
2023,Jimmie Johnson,0,0.025786794134293838,poisson,poisson_20250312_1409,-0.025786794134293838,-0.025786794134293838,Under
2023,Ty Dillon,0,0.03401063473832532,poisson,poisson_20250312_1409,-0.03401063473832532,-0.03401063473832532,Under
2023,Carson Hocevar,0,0.03579880593423434,poisson,poisson_20250312_1409,-0.03579880593423434,-0.03579880593423434,Under
2023,Austin Hill,0,0.037853027004819476,poisson,poisson_20250312_1409,-0.037853027004819476,-0.037853027004819476,Under
2023,Josh Berry,0,0.04063078850866749,poisson,poisson_20250312_1409,-0.04063078850866749,-0.04063078850866749,Under
2023,Riley Herbst,0,0.045929693722235786,poisson,poisson_20250312_1409,-0.045929693722235786,-0.045929693722235786,Under
2023,Harrison Burton,0,0.059758812350541986,poisson,poisson_20250312_1409,-0.059758812350541986,-0.059758812350541986,Under
2023,Todd Gilliland,0,0.07328608681817708,poisson,poisson_20250312_1409,-0.07328608681817708,-0.07328608681817708,Under
2023,Corey LaJoie,0,0.08329630253413119,poisson,poisson_20250312_1409,-0.08329630253413119,-0.08329630253413119,Under
2023,Austin Cindric,0,0.09571219642857837,poisson,poisson_20250312_1409,-0.09571219642857837,-0.09571219642857837,Under
2023,Travis Pastrana,0,0.10705846831208686,poisson,poisson_20250312_1409,-0.10705846831208686,-0.10705846831208686,Under
2023,Justin Haley,0,0.10915736457805322,poisson,poisson_20250312_1409,-0.10915736457805322,-0.10915736457805322,Under
2023,Chandler Smith,0,0.12978154115510127,poisson,poisson_20250312_1409,-0.12978154115510127,-0.12978154115510127,Under
2023,Erik Jones,0,0.1313415615923624,poisson,poisson_20250312_1409,-0.1313415615923624,-0.1313415615923624,Under
2023,Ryan Preece,0,0.1412234562885165,poisson,poisson_20250312_1409,-0.1412234562885165,-0.1412234562885165,Under
2023,Chase Briscoe,0,0.1479518872751309,poisson,poisson_20250312_1409,-0.1479518872751309,-0.1479518872751309,Under
2023,Aric Almirola,0,0.24869884913604764,poisson,poisson_20250312_1409,-0.24869884913604764,-0.24869884913604764,Under
2023,Austin Dillon,0,0.25922410556787523,poisson,poisson_20250312_1409,-0.25922410556787523,-0.25922410556787523,Under
2023,Ty Gibbs,0,0.2927248143550764,poisson,poisson_20250312_1409,-0.2927248143550764,-0.2927248143550764,Under
2023,Alex Bowman,0,0.36503438795395315,poisson,poisson_20250312_1409,-0.36503438795395315,-0.36503438795395315,Under
2023,Daniel Suárez,0,0.4754276958052192,poisson,poisson_20250312_1409,-0.4754276958052192,-0.4754276958052192,Under
2023,Kevin Harvick,0,0.5152034536321083,poisson,poisson_20250312_1409,-0.5152034536321083,-0.5152034536321083,Under
2023,Bubba Wallace,0,0.6167265468507991,poisson,poisson_20250312_1409,-0.6167265468507991,-0.6167265468507991,Under
2023,Brad Keselowski,0,0.9137056784760922,poisson,poisson_20250312_1409,-0.9137056784760922,-0.9137056784760922,Under
2023,Chase Elliott,0,0.9162268701205679,poisson,poisson_20250312_1409,-0.9162268701205679,-0.9162268701205679,Under
2022,Chase Elliott,5,3.1030775341497274,poisson,poisson_20250312_1409,1.8969224658502726,1.8969224658502726,Over
2022,Joey Logano,4,0.9507986467323107,poisson,poisson_20250312_1409,3.0492013532676894,3.0492013532676894,Over
2022,Tyler Reddick,3,0.6765641241431934,poisson,poisson_20250312_1409,2.3234358758568066,2.3234358758568066,Over
2022,Christopher Bell,3,1.350945075951733,poisson,poisson_20250312_1409,1.649054924048267,1.649054924048267,Over
2022,Kyle Larson,3,1.5265678005249763,poisson,poisson_20250312_1409,1.4734321994750237,1.4734321994750237,Over
2022,Denny Hamlin,2,0.8329308197491347,poisson,poisson_20250312_1409,1.1670691802508653,1.1670691802508653,Over
2022,Kevin Harvick,2,1.0756295514529155,poisson,poisson_20250312_1409,0.9243704485470845,0.9243704485470845,Over
2022,William Byron,2,1.4210954746134599,poisson,poisson_20250312_1409,0.5789045253865401,0.5789045253865401,Over
2022,Ross Chastain,2,1.5149159500934402,poisson,poisson_20250312_1409,0.48508404990655984,0.48508404990655984,Over
2022,Kurt Busch,1,0.26434282210987664,poisson,poisson_20250312_1409,0.7356571778901233,0.7356571778901233,Over
2022,Erik Jones,1,0.3451968259459528,poisson,poisson_20250312_1409,0.6548031740540472,0.6548031740540472,Over
2022,Chris Buescher,1,0.39517157707093237,poisson,poisson_20250312_1409,0.6048284229290677,0.6048284229290677,Over
2022,Alex Bowman,1,0.4003579119548127,poisson,poisson_20250312_1409,0.5996420880451874,0.5996420880451874,Over
2022,Daniel Suárez,1,0.41244602767701255,poisson,poisson_20250312_1409,0.5875539723229875,0.5875539723229875,Over
2022,Chase Briscoe,1,0.48154239471954224,poisson,poisson_20250312_1409,0.5184576052804577,0.5184576052804577,Over
2022,Austin Cindric,1,0.5655857391106466,poisson,poisson_20250312_1409,0.4344142608893534,0.4344142608893534,Over
2022,Austin Dillon,1,0.6235529985195685,poisson,poisson_20250312_1409,0.37644700148043153,0.37644700148043153,Over
2022,Bubba Wallace,1,1.0644624316517985,poisson,poisson_20250312_1409,-0.06446243165179855,-0.06446243165179855,Under
2022,Kyle Busch,1,1.0962471047437892,poisson,poisson_20250312_1409,-0.09624710474378917,-0.09624710474378917,Under
2022,Greg Biffle,0,9.703143188407445e-13,poisson,poisson_20250312_1409,-9.703143188407445e-13,-9.703143188407445e-13,Under
2022,Kyle Tilley,0,1.1204208345321843e-12,poisson,poisson_20250312_1409,-1.1204208345321843e-12,-1.1204208345321843e-12,Under
2022,Loris Hezemans,0,1.332985290931958e-12,poisson,poisson_20250312_1409,-1.332985290931958e-12,-1.332985290931958e-12,Under
2022,Justin Haley,0,5.25412202191438e-11,poisson,poisson_20250312_1409,-5.25412202191438e-11,-5.25412202191438e-11,Under
2022,Michael McDowell,0,6.348354705348861e-11,poisson,poisson_20250312_1409,-6.348354705348861e-11,-6.348354705348861e-11,Under
2022,BJ McLeod,0,2.7768772791053834e-09,poisson,poisson_20250312_1409,-2.7768772791053834e-09,-2.7768772791053834e-09,Under
2022,AJ Allmendinger,0,1.4307017350696145e-08,poisson,poisson_20250312_1409,-1.4307017350696145e-08,-1.4307017350696145e-08,Under
2022,Conor Daly,0,0.0012608101959413506,poisson,poisson_20250312_1409,-0.0012608101959413506,-0.0012608101959413506,Under
2022,Scott Heckert,0,0.0014479863376372466,poisson,poisson_20250312_1409,-0.0014479863376372466,-0.0014479863376372466,Under
2022,Parker Kligerman,0,0.0022027386230274383,poisson,poisson_20250312_1409,-0.0022027386230274383,-0.0022027386230274383,Under
2022,Kimi Raikkonen,0,0.002339148947185462,poisson,poisson_20250312_1409,-0.002339148947185462,-0.002339148947185462,Under
2022,Mike Rockenfeller,0,0.002954704671757824,poisson,poisson_20250312_1409,-0.002954704671757824,-0.002954704671757824,Under
2022,John H. Nemechek,0,0.0044628212536819215,poisson,poisson_20250312_1409,-0.0044628212536819215,-0.0044628212536819215,Under
2022,Garrett Smithley,0,0.004987374226634862,poisson,poisson_20250312_1409,-0.004987374226634862,-0.004987374226634862,Under
2022,Josh Williams,0,0.005080533608536899,poisson,poisson_20250312_1409,-0.005080533608536899,-0.005080533608536899,Under
2022,Boris Said,0,0.005627737395554765,poisson,poisson_20250312_1409,-0.005627737395554765,-0.005627737395554765,Under
2022,JJ Yeley,0,0.007726344641775889,poisson,poisson_20250312_1409,-0.007726344641775889,-0.007726344641775889,Under
2022,Andy Lally,0,0.008234797408593154,poisson,poisson_20250312_1409,-0.008234797408593154,-0.008234797408593154,Under
2022,Kaz Grala,0,0.008376147396279678,poisson,poisson_20250312_1409,-0.008376147396279678,-0.008376147396279678,Under
2022,Jacques Villeneuve,0,0.011976771649952962,poisson,poisson_20250312_1409,-0.011976771649952962,-0.011976771649952962,Under
2022,Daniil Kvyat,0,0.014118850091979135,poisson,poisson_20250312_1409,-0.014118850091979135,-0.014118850091979135,Under
2022,Justin Allgaier,0,0.014262054184309989,poisson,poisson_20250312_1409,-0.014262054184309989,-0.014262054184309989,Under
2022,Cody Ware,0,0.017507492665666657,poisson,poisson_20250312_1409,-0.017507492665666657,-0.017507492665666657,Under
2022,Josh Bilicki,0,0.02450853150810993,poisson,poisson_20250312_1409,-0.02450853150810993,-0.02450853150810993,Under
2022,Austin Hill,0,0.02524219953149606,poisson,poisson_20250312_1409,-0.02524219953149606,-0.02524219953149606,Under
2022,Landon Cassill,0,0.02528376636477861,poisson,poisson_20250312_1409,-0.02528376636477861,-0.02528376636477861,Under
2022,Joey Hand,0,0.026729228359425983,poisson,poisson_20250312_1409,-0.026729228359425983,-0.026729228359425983,Under
2022,Daniel Hemric,0,0.030422228659268278,poisson,poisson_20250312_1409,-0.030422228659268278,-0.030422228659268278,Under
2022,Zane Smith,0,0.03045098650410704,poisson,poisson_20250312_1409,-0.03045098650410704,-0.03045098650410704,Under
2022,Todd Gilliland,0,0.05040907343462532,poisson,poisson_20250312_1409,-0.05040907343462532,-0.05040907343462532,Under
2022,Noah Gragson,0,0.05350605459542829,poisson,poisson_20250312_1409,-0.05350605459542829,-0.05350605459542829,Under
2022,David Ragan,0,0.05352157648001322,poisson,poisson_20250312_1409,-0.05352157648001322,-0.05352157648001322,Under
2022,Ty Gibbs,0,0.08256198125386319,poisson,poisson_20250312_1409,-0.08256198125386319,-0.08256198125386319,Under
2022,Ty Dillon,0,0.11613944316117886,poisson,poisson_20250312_1409,-0.11613944316117886,-0.11613944316117886,Under
2022,Harrison Burton,0,0.12683274510173204,poisson,poisson_20250312_1409,-0.12683274510173204,-0.12683274510173204,Under
2022,Ricky Stenhouse Jr,0,0.1447855711448516,poisson,poisson_20250312_1409,-0.1447855711448516,-0.1447855711448516,Under
2022,Corey LaJoie,0,0.14512131761250963,poisson,poisson_20250312_1409,-0.14512131761250963,-0.14512131761250963,Under
2022,Brad Keselowski,0,0.18575021721001916,poisson,poisson_20250312_1409,-0.18575021721001916,-0.18575021721001916,Under
2022,Cole Custer,0,0.19574768555955888,poisson,poisson_20250312_1409,-0.19574768555955888,-0.19574768555955888,Under
2022,Aric Almirola,0,0.29620886768200344,poisson,poisson_20250312_1409,-0.29620886768200344,-0.29620886768200344,Under
2022,Ryan Preece,0,0.42545521221223653,poisson,poisson_20250312_1409,-0.42545521221223653,-0.42545521221223653,Under
2022,Timmy Hill,0,0.7390303618827879,poisson,poisson_20250312_1409,-0.7390303618827879,-0.7390303618827879,Under
2022,Martin Truex Jr,0,0.9958839906616117,poisson,poisson_20250312_1409,-0.9958839906616117,-0.9958839906616117,Under
2022,Ryan Blaney,0,1.6204050419707263,poisson,poisson_20250312_1409,-1.6204050419707263,-1.6204050419707263,Under
2021,Kyle Larson,10,10.048897237406038,poisson,poisson_20250312_1409,-0.04889723740603813,-0.04889723740603813,Under
2021,Alex Bowman,4,0.6707990752218534,poisson,poisson_20250312_1409,3.3292009247781467,3.3292009247781467,Over
2021,Martin Truex Jr,4,1.3854059375502228,poisson,poisson_20250312_1409,2.614594062449777,2.614594062449777,Over
2021,Ryan Blaney,3,1.7179549887245695,poisson,poisson_20250312_1409,1.2820450112754305,1.2820450112754305,Over
2021,Kyle Busch,2,1.4766048749596332,poisson,poisson_20250312_1409,0.5233951250403668,0.5233951250403668,Over
2021,Chase Elliott,2,2.1600182435812476,poisson,poisson_20250312_1409,-0.1600182435812476,-0.1600182435812476,Under
2021,Denny Hamlin,2,5.8300756290199605,poisson,poisson_20250312_1409,-3.8300756290199605,-3.8300756290199605,Under
2021,AJ Allmendinger,1,0.054613883816159274,poisson,poisson_20250312_1409,0.9453861161838407,0.9453861161838407,Over
2021,Michael McDowell,1,0.10993200442910832,poisson,poisson_20250312_1409,0.8900679955708917,0.8900679955708917,Over
2021,Bubba Wallace,1,0.1940819338833154,poisson,poisson_20250312_1409,0.8059180661166846,0.8059180661166846,Over
2021,Aric Almirola,1,0.21764760134469152,poisson,poisson_20250312_1409,0.7823523986553085,0.7823523986553085,Over
2021,Christopher Bell,1,0.3599030634569139,poisson,poisson_20250312_1409,0.6400969365430861,0.6400969365430861,Over
2021,Kurt Busch,1,0.7825143329377936,poisson,poisson_20250312_1409,0.2174856670622064,0.2174856670622064,Over
2021,Brad Keselowski,1,0.8789152738816068,poisson,poisson_20250312_1409,0.12108472611839316,0.12108472611839316,Over
2021,Joey Logano,1,0.9881099752469152,poisson,poisson_20250312_1409,0.01189002475308476,0.01189002475308476,Over
2021,William Byron,1,1.0340360828671953,poisson,poisson_20250312_1409,-0.03403608286719528,-0.03403608286719528,Under
2021,Chad Finchum,0,2.345938388573224e-13,poisson,poisson_20250312_1409,-2.345938388573224e-13,-2.345938388573224e-13,Under
2021,JJ Yeley,0,4.680943428381268e-13,poisson,poisson_20250312_1409,-4.680943428381268e-13,-4.680943428381268e-13,Under
2021,Ryan Eversley,0,7.588954939937816e-13,poisson,poisson_20250312_1409,-7.588954939937816e-13,-7.588954939937816e-13,Under
2021,Andy Lally,0,8.581842167558417e-13,poisson,poisson_20250312_1409,-8.581842167558417e-13,-8.581842167558417e-13,Under
2021,Josh Bilicki,0,5.35330946117164e-10,poisson,poisson_20250312_1409,-5.35330946117164e-10,-5.35330946117164e-10,Under
2021,David Starr,0,6.537733774474003e-10,poisson,poisson_20250312_1409,-6.537733774474003e-10,-6.537733774474003e-10,Under
2021,Matt Mills,0,0.0006922485173678992,poisson,poisson_20250312_1409,-0.0006922485173678992,-0.0006922485173678992,Under
2021,David Ragan,0,0.0007535511159747245,poisson,poisson_20250312_1409,-0.0007535511159747245,-0.0007535511159747245,Under
2021,Ryan Ellis,0,0.001032500063113837,poisson,poisson_20250312_1409,-0.001032500063113837,-0.001032500063113837,Under
2021,RC Enerson,0,0.001146467168692059,poisson,poisson_20250312_1409,-0.001146467168692059,-0.001146467168692059,Under
2021,Kyle Tilley,0,0.001744054793107842,poisson,poisson_20250312_1409,-0.001744054793107842,-0.001744054793107842,Under
2021,Bayley Currey,0,0.001886724608727613,poisson,poisson_20250312_1409,-0.001886724608727613,-0.001886724608727613,Under
2021,Ben Rhodes,0,0.002476445405436467,poisson,poisson_20250312_1409,-0.002476445405436467,-0.002476445405436467,Under
2021,Mike Marlar,0,0.002704862943587279,poisson,poisson_20250312_1409,-0.002704862943587279,-0.002704862943587279,Under
2021,Landon Cassill,0,0.0035390700596518317,poisson,poisson_20250312_1409,-0.0035390700596518317,-0.0035390700596518317,Under
2021,Justin Allgaier,0,0.0035499928354975024,poisson,poisson_20250312_1409,-0.0035499928354975024,-0.0035499928354975024,Under
2021,Scott Heckert,0,0.0038857851396888084,poisson,poisson_20250312_1409,-0.0038857851396888084,-0.0038857851396888084,Under
2021,Garrett Smithley,0,0.004171200432466337,poisson,poisson_20250312_1409,-0.004171200432466337,-0.004171200432466337,Under
2021,Josh Berry,0,0.004176912327168716,poisson,poisson_20250312_1409,-0.004176912327168716,-0.004176912327168716,Under
2021,Joey Hand,0,0.004347616941857195,poisson,poisson_20250312_1409,-0.004347616941857195,-0.004347616941857195,Under
2021,BJ McLeod,0,0.0064624641432052855,poisson,poisson_20250312_1409,-0.0064624641432052855,-0.0064624641432052855,Under
2021,Stewart Friesen,0,0.00880841561869966,poisson,poisson_20250312_1409,-0.00880841561869966,-0.00880841561869966,Under
2021,James Davison,0,0.010504906342689904,poisson,poisson_20250312_1409,-0.010504906342689904,-0.010504906342689904,Under
2021,Cody Ware,0,0.011196952828539239,poisson,poisson_20250312_1409,-0.011196952828539239,-0.011196952828539239,Under
2021,Quin Houff,0,0.01215465054036392,poisson,poisson_20250312_1409,-0.01215465054036392,-0.01215465054036392,Under
2021,Austin Cindric,0,0.014690099639805446,poisson,poisson_20250312_1409,-0.014690099639805446,-0.014690099639805446,Under
2021,Parker Kligerman,0,0.015463945577281415,poisson,poisson_20250312_1409,-0.015463945577281415,-0.015463945577281415,Under
2021,Harrison Burton,0,0.01616480509157287,poisson,poisson_20250312_1409,-0.01616480509157287,-0.01616480509157287,Under
2021,Joey Gase,0,0.01684486800334052,poisson,poisson_20250312_1409,-0.01684486800334052,-0.01684486800334052,Under
2021,Timmy Hill,0,0.016850633657585674,poisson,poisson_20250312_1409,-0.016850633657585674,-0.016850633657585674,Under
2021,Kaz Grala,0,0.020496651794899755,poisson,poisson_20250312_1409,-0.020496651794899755,-0.020496651794899755,Under
2021,Justin Haley,0,0.030061551069108416,poisson,poisson_20250312_1409,-0.030061551069108416,-0.030061551069108416,Under
2021,Anthony Alfredo,0,0.03369887353963589,poisson,poisson_20250312_1409,-0.03369887353963589,-0.03369887353963589,Under
2021,Corey LaJoie,0,0.03568728808671244,poisson,poisson_20250312_1409,-0.03568728808671244,-0.03568728808671244,Under
2021,Derrike Cope,0,0.050893598108174135,poisson,poisson_20250312_1409,-0.050893598108174135,-0.050893598108174135,Under
2021,Ty Dillon,0,0.051319533797694925,poisson,poisson_20250312_1409,-0.051319533797694925,-0.051319533797694925,Under
2021,Cole Custer,0,0.07354298465394565,poisson,poisson_20250312_1409,-0.07354298465394565,-0.07354298465394565,Under
2021,Ryan Preece,0,0.07802282565643764,poisson,poisson_20250312_1409,-0.07802282565643764,-0.07802282565643764,Under
2021,Erik Jones,0,0.09303017967976338,poisson,poisson_20250312_1409,-0.09303017967976338,-0.09303017967976338,Under
2021,Ryan Newman,0,0.1005780566712224,poisson,poisson_20250312_1409,-0.1005780566712224,-0.1005780566712224,Under
2021,Chase Briscoe,0,0.10116706926852832,poisson,poisson_20250312_1409,-0.10116706926852832,-0.10116706926852832,Under
2021,Daniel Suárez,0,0.11639632619352487,poisson,poisson_20250312_1409,-0.11639632619352487,-0.11639632619352487,Under
2021,Shane Golobic,0,0.13571902660673843,poisson,poisson_20250312_1409,-0.13571902660673843,-0.13571902660673843,Under
2021,Ricky Stenhouse Jr,0,0.14069968752391762,poisson,poisson_20250312_1409,-0.14069968752391762,-0.14069968752391762,Under
2021,Chris Windom,0,0.14749234810089856,poisson,poisson_20250312_1409,-0.14749234810089856,-0.14749234810089856,Under
2021,Jamie McMurray,0,0.15292062164454012,poisson,poisson_20250312_1409,-0.15292062164454012,-0.15292062164454012,Under
2021,Ross Chastain,0,0.15967484888386066,poisson,poisson_20250312_1409,-0.15967484888386066,-0.15967484888386066,Under
2021,Matt DiBenedetto,0,0.273437699305606,poisson,poisson_20250312_1409,-0.273437699305606,-0.273437699305606,Under
2021,Tyler Reddick,0,0.2819959170776948,poisson,poisson_20250312_1409,-0.2819959170776948,-0.2819959170776948,Under
2021,Chris Buescher,0,0.29356420007690665,poisson,poisson_20250312_1409,-0.29356420007690665,-0.29356420007690665,Under
2021,Austin Dillon,0,0.4310560224152808,poisson,poisson_20250312_1409,-0.4310560224152808,-0.4310560224152808,Under
2021,Noah Gragson,0,0.6887377713765572,poisson,poisson_20250312_1409,-0.6887377713765572,-0.6887377713765572,Under
2021,Kevin Harvick,0,1.4089317969007467,poisson,poisson_20250312_1409,-1.4089317969007467,-1.4089317969007467,Under
2020,Kevin Harvick,9,5.081068502574399,poisson,poisson_20250312_1409,3.918931497425601,3.918931497425601,Over
2020,Denny Hamlin,7,2.4828033484960077,poisson,poisson_20250312_1409,4.517196651503992,4.517196651503992,Over
2020,Chase Elliott,5,2.5725558592227613,poisson,poisson_20250312_1409,2.4274441407772387,2.4274441407772387,Over
2020,Brad Keselowski,4,2.8027107073969875,poisson,poisson_20250312_1409,1.1972892926030125,1.1972892926030125,Over
2020,Joey Logano,3,1.7550082741610529,poisson,poisson_20250312_1409,1.2449917258389471,1.2449917258389471,Over
2020,Cole Custer,1,0.20134518461050863,poisson,poisson_20250312_1409,0.7986548153894913,0.7986548153894913,Over
2020,Austin Dillon,1,0.30627245462762476,poisson,poisson_20250312_1409,0.6937275453723752,0.6937275453723752,Over
2020,William Byron,1,0.4803609091441796,poisson,poisson_20250312_1409,0.5196390908558204,0.5196390908558204,Over
2020,Alex Bowman,1,0.523412418312204,poisson,poisson_20250312_1409,0.476587581687796,0.476587581687796,Over
2020,Kurt Busch,1,0.8813915473323012,poisson,poisson_20250312_1409,0.11860845266769882,0.11860845266769882,Over
2020,Ryan Blaney,1,1.182798846569166,poisson,poisson_20250312_1409,-0.1827988465691659,-0.1827988465691659,Under
2020,Kyle Busch,1,1.2370753480881291,poisson,poisson_20250312_1409,-0.23707534808812913,-0.23707534808812913,Under
2020,Martin Truex Jr,1,1.9039438094015355,poisson,poisson_20250312_1409,-0.9039438094015355,-0.9039438094015355,Under
2020,Josh Bilicki,0,1.0206597301939671e-13,poisson,poisson_20250312_1409,-1.0206597301939671e-13,-1.0206597301939671e-13,Under
2020,Garrett Smithley,0,4.768005873538076e-13,poisson,poisson_20250312_1409,-4.768005873538076e-13,-4.768005873538076e-13,Under
2020,Reed Sorenson,0,1.2286265260872623e-12,poisson,poisson_20250312_1409,-1.2286265260872623e-12,-1.2286265260872623e-12,Under
2020,Timmy Hill,0,2.174897961066124e-12,poisson,poisson_20250312_1409,-2.174897961066124e-12,-2.174897961066124e-12,Under
2020,Brendan Gaughan,0,1.933680837180329e-11,poisson,poisson_20250312_1409,-1.933680837180329e-11,-1.933680837180329e-11,Under
2020,Chad Finchum,0,3.8107197271799014e-11,poisson,poisson_20250312_1409,-3.8107197271799014e-11,-3.8107197271799014e-11,Under
2020,Stanton Barrett,0,0.0007118237812617264,poisson,poisson_20250312_1409,-0.0007118237812617264,-0.0007118237812617264,Under
2020,David Starr,0,0.00248093891072211,poisson,poisson_20250312_1409,-0.00248093891072211,-0.00248093891072211,Under
2020,James Davison,0,0.0040597925605055365,poisson,poisson_20250312_1409,-0.0040597925605055365,-0.0040597925605055365,Under
2020,Joey Gase,0,0.004691031274304148,poisson,poisson_20250312_1409,-0.004691031274304148,-0.004691031274304148,Under
2020,Gray Gaulding,0,0.005354069196676879,poisson,poisson_20250312_1409,-0.005354069196676879,-0.005354069196676879,Under
2020,Quin Houff,0,0.006422729232212076,poisson,poisson_20250312_1409,-0.006422729232212076,-0.006422729232212076,Under
2020,BJ McLeod,0,0.007830301752308122,poisson,poisson_20250312_1409,-0.007830301752308122,-0.007830301752308122,Under
2020,Brennan Poole,0,0.00820118536853663,poisson,poisson_20250312_1409,-0.00820118536853663,-0.00820118536853663,Under
2020,Daniel Suárez,0,0.012853284907830892,poisson,poisson_20250312_1409,-0.012853284907830892,-0.012853284907830892,Under
2020,Ross Chastain,0,0.015678449943202985,poisson,poisson_20250312_1409,-0.015678449943202985,-0.015678449943202985,Under
2020,Cody Ware,0,0.018772252034893407,poisson,poisson_20250312_1409,-0.018772252034893407,-0.018772252034893407,Under
2020,JJ Yeley,0,0.0215438120384979,poisson,poisson_20250312_1409,-0.0215438120384979,-0.0215438120384979,Under
2020,Justin Allgaier,0,0.02261792048603786,poisson,poisson_20250312_1409,-0.02261792048603786,-0.02261792048603786,Under
2020,Corey LaJoie,0,0.024200937185927786,poisson,poisson_20250312_1409,-0.024200937185927786,-0.024200937185927786,Under
2020,Ryan Preece,0,0.045850296264047304,poisson,poisson_20250312_1409,-0.045850296264047304,-0.045850296264047304,Under
2020,Ty Dillon,0,0.05029986408622608,poisson,poisson_20250312_1409,-0.05029986408622608,-0.05029986408622608,Under
2020,John H. Nemechek,0,0.056609370593607905,poisson,poisson_20250312_1409,-0.056609370593607905,-0.056609370593607905,Under
2020,Ryan Newman,0,0.07101393892553884,poisson,poisson_20250312_1409,-0.07101393892553884,-0.07101393892553884,Under
2020,Justin Haley,0,0.07239112625097077,poisson,poisson_20250312_1409,-0.07239112625097077,-0.07239112625097077,Under
2020,Michael McDowell,0,0.07852448853379525,poisson,poisson_20250312_1409,-0.07852448853379525,-0.07852448853379525,Under
2020,Matt Kenseth,0,0.08655658611223004,poisson,poisson_20250312_1409,-0.08655658611223004,-0.08655658611223004,Under
2020,Kyle Larson,0,0.09689581743227049,poisson,poisson_20250312_1409,-0.09689581743227049,-0.09689581743227049,Under
2020,Christopher Bell,0,0.10432097227331506,poisson,poisson_20250312_1409,-0.10432097227331506,-0.10432097227331506,Under
2020,Bubba Wallace,0,0.11691889616632749,poisson,poisson_20250312_1409,-0.11691889616632749,-0.11691889616632749,Under
2020,Chris Buescher,0,0.13403650920019633,poisson,poisson_20250312_1409,-0.13403650920019633,-0.13403650920019633,Under
2020,Ricky Stenhouse Jr,0,0.21196869228470766,poisson,poisson_20250312_1409,-0.21196869228470766,-0.21196869228470766,Under
2020,Kaz Grala,0,0.23190073030439523,poisson,poisson_20250312_1409,-0.23190073030439523,-0.23190073030439523,Under
2020,Tyler Reddick,0,0.27935274884056777,poisson,poisson_20250312_1409,-0.27935274884056777,-0.27935274884056777,Under
2020,Erik Jones,0,0.2859062850651086,poisson,poisson_20250312_1409,-0.2859062850651086,-0.2859062850651086,Under
2020,Jimmie Johnson,0,0.28808218394943297,poisson,poisson_20250312_1409,-0.28808218394943297,-0.28808218394943297,Under
2020,David Ragan,0,0.31046028293391215,poisson,poisson_20250312_1409,-0.31046028293391215,-0.31046028293391215,Under
2020,Matt DiBenedetto,0,0.33415965806907655,poisson,poisson_20250312_1409,-0.33415965806907655,-0.33415965806907655,Under
2020,Clint Bowyer,0,0.5002069997670504,poisson,poisson_20250312_1409,-0.5002069997670504,-0.5002069997670504,Under
2020,Aric Almirola,0,0.6764162451868783,poisson,poisson_20250312_1409,-0.6764162451868783,-0.6764162451868783,Under
2020,Bayley Currey,0,0.8071868807246975,poisson,poisson_20250312_1409,-0.8071868807246975,-0.8071868807246975,Under
2019,Martin Truex Jr,7,3.36974112160156,poisson,poisson_20250312_1409,3.63025887839844,3.63025887839844,Over
2019,Denny Hamlin,6,3.064762610774414,poisson,poisson_20250312_1409,2.935237389225586,2.935237389225586,Over
2019,Kyle Busch,5,4.436789984117165,poisson,poisson_20250312_1409,0.5632100158828353,0.5632100158828353,Over
2019,Kevin Harvick,4,2.961882965013863,poisson,poisson_20250312_1409,1.0381170349861368,1.0381170349861368,Over
2019,Chase Elliott,3,1.1139896806996374,poisson,poisson_20250312_1409,1.8860103193003626,1.8860103193003626,Over
2019,Brad Keselowski,3,2.4137544104123627,poisson,poisson_20250312_1409,0.5862455895876373,0.5862455895876373,Over
2019,Joey Logano,2,1.9223057133648223,poisson,poisson_20250312_1409,0.07769428663517775,0.07769428663517775,Over
2019,Justin Haley,1,0.011958132264158743,poisson,poisson_20250312_1409,0.9880418677358412,0.9880418677358412,Over
2019,Erik Jones,1,0.6976293126576776,poisson,poisson_20250312_1409,0.3023706873423224,0.3023706873423224,Over
2019,Alex Bowman,1,0.7416861445482009,poisson,poisson_20250312_1409,0.2583138554517991,0.2583138554517991,Over
2019,Kurt Busch,1,0.8960650589163308,poisson,poisson_20250312_1409,0.10393494108366919,0.10393494108366919,Over
2019,Ryan Blaney,1,1.0506890447429629,poisson,poisson_20250312_1409,-0.050689044742962874,-0.050689044742962874,Under
2019,Kyle Larson,1,1.4971984730423196,poisson,poisson_20250312_1409,-0.49719847304231957,-0.49719847304231957,Under
2019,JJ Yeley,0,1.8934482418613535e-13,poisson,poisson_20250312_1409,-1.8934482418613535e-13,-1.8934482418613535e-13,Under
2019,Garrett Smithley,0,5.561511478544398e-13,poisson,poisson_20250312_1409,-5.561511478544398e-13,-5.561511478544398e-13,Under
2019,Josh Bilicki,0,6.069837878075924e-13,poisson,poisson_20250312_1409,-6.069837878075924e-13,-6.069837878075924e-13,Under
2019,Timmy Hill,0,6.701334029447923e-13,poisson,poisson_20250312_1409,-6.701334029447923e-13,-6.701334029447923e-13,Under
2019,Joe Nemechek,0,8.51146031738796e-13,poisson,poisson_20250312_1409,-8.51146031738796e-13,-8.51146031738796e-13,Under
2019,Austin Theriault,0,1.232076359402037e-12,poisson,poisson_20250312_1409,-1.232076359402037e-12,-1.232076359402037e-12,Under
2019,Jeb Burton,0,1.7239795198916711e-10,poisson,poisson_20250312_1409,-1.7239795198916711e-10,-1.7239795198916711e-10,Under
2019,Reed Sorenson,0,1.0030787504120832e-09,poisson,poisson_20250312_1409,-1.0030787504120832e-09,-1.0030787504120832e-09,Under
2019,Casey Mears,0,0.0003727978876643411,poisson,poisson_20250312_1409,-0.0003727978876643411,-0.0003727978876643411,Under
2019,Spencer Boyd,0,0.0007056634753589379,poisson,poisson_20250312_1409,-0.0007056634753589379,-0.0007056634753589379,Under
2019,Gray Gaulding,0,0.0007132397200975278,poisson,poisson_20250312_1409,-0.0007132397200975278,-0.0007132397200975278,Under
2019,Kyle Weatherman,0,0.0013520271936951205,poisson,poisson_20250312_1409,-0.0013520271936951205,-0.0013520271936951205,Under
2019,D.J. Kennington,0,0.0014779633174674643,poisson,poisson_20250312_1409,-0.0014779633174674643,-0.0014779633174674643,Under
2019,Blake Jones,0,0.0017829445083662888,poisson,poisson_20250312_1409,-0.0017829445083662888,-0.0017829445083662888,Under
2019,Cody Ware,0,0.0022740733416409427,poisson,poisson_20250312_1409,-0.0022740733416409427,-0.0022740733416409427,Under
2019,Drew Herring,0,0.0025946941306919337,poisson,poisson_20250312_1409,-0.0025946941306919337,-0.0025946941306919337,Under
2019,Andy Seuss,0,0.0031301153394893136,poisson,poisson_20250312_1409,-0.0031301153394893136,-0.0031301153394893136,Under
2019,Bayley Currey,0,0.0031679845715651676,poisson,poisson_20250312_1409,-0.0031679845715651676,-0.0031679845715651676,Under
2019,Joey Gase,0,0.0039373003702708,poisson,poisson_20250312_1409,-0.0039373003702708,-0.0039373003702708,Under
2019,Quin Houff,0,0.003942965591929267,poisson,poisson_20250312_1409,-0.003942965591929267,-0.003942965591929267,Under
2019,Stanton Barrett,0,0.004422510231216092,poisson,poisson_20250312_1409,-0.004422510231216092,-0.004422510231216092,Under
2019,Matt Crafton,0,0.005495191797911791,poisson,poisson_20250312_1409,-0.005495191797911791,-0.005495191797911791,Under
2019,BJ McLeod,0,0.0057497441547026285,poisson,poisson_20250312_1409,-0.0057497441547026285,-0.0057497441547026285,Under
2019,Ryan Sieg,0,0.006629137491243577,poisson,poisson_20250312_1409,-0.006629137491243577,-0.006629137491243577,Under
2019,John H. Nemechek,0,0.008099809837891884,poisson,poisson_20250312_1409,-0.008099809837891884,-0.008099809837891884,Under
2019,Jeffrey Earnhardt,0,0.010914617701438799,poisson,poisson_20250312_1409,-0.010914617701438799,-0.010914617701438799,Under
2019,Parker Kligerman,0,0.013003678427237125,poisson,poisson_20250312_1409,-0.013003678427237125,-0.013003678427237125,Under
2019,Jamie McMurray,0,0.01317141306485826,poisson,poisson_20250312_1409,-0.01317141306485826,-0.01317141306485826,Under
2019,Tyler Reddick,0,0.024662699375701976,poisson,poisson_20250312_1409,-0.024662699375701976,-0.024662699375701976,Under
2019,Brendan Gaughan,0,0.02651501869971296,poisson,poisson_20250312_1409,-0.02651501869971296,-0.02651501869971296,Under
2019,Ross Chastain,0,0.03218375771557476,poisson,poisson_20250312_1409,-0.03218375771557476,-0.03218375771557476,Under
2019,Landon Cassill,0,0.03519498702465588,poisson,poisson_20250312_1409,-0.03519498702465588,-0.03519498702465588,Under
2019,Matt Tifft,0,0.055350565046509766,poisson,poisson_20250312_1409,-0.055350565046509766,-0.055350565046509766,Under
2019,Corey LaJoie,0,0.07414197694412746,poisson,poisson_20250312_1409,-0.07414197694412746,-0.07414197694412746,Under
2019,Bubba Wallace,0,0.11093538543246328,poisson,poisson_20250312_1409,-0.11093538543246328,-0.11093538543246328,Under
2019,David Ragan,0,0.11467488662410827,poisson,poisson_20250312_1409,-0.11467488662410827,-0.11467488662410827,Under
2019,Michael McDowell,0,0.14102511302623527,poisson,poisson_20250312_1409,-0.14102511302623527,-0.14102511302623527,Under
2019,Ty Dillon,0,0.14465997420442783,poisson,poisson_20250312_1409,-0.14465997420442783,-0.14465997420442783,Under
2019,Ryan Preece,0,0.1470638028581975,poisson,poisson_20250312_1409,-0.1470638028581975,-0.1470638028581975,Under
2019,Daniel Hemric,0,0.1888846322465827,poisson,poisson_20250312_1409,-0.1888846322465827,-0.1888846322465827,Under
2019,Austin Dillon,0,0.2553665629231451,poisson,poisson_20250312_1409,-0.2553665629231451,-0.2553665629231451,Under
2019,Ricky Stenhouse Jr,0,0.2556451334792392,poisson,poisson_20250312_1409,-0.2556451334792392,-0.2556451334792392,Under
2019,Paul Menard,0,0.3349486757426925,poisson,poisson_20250312_1409,-0.3349486757426925,-0.3349486757426925,Under
2019,Chris Buescher,0,0.33777530718587573,poisson,poisson_20250312_1409,-0.33777530718587573,-0.33777530718587573,Under
2019,Matt DiBenedetto,0,0.41048583699562424,poisson,poisson_20250312_1409,-0.41048583699562424,-0.41048583699562424,Under
2019,Jimmie Johnson,0,0.4187008802500735,poisson,poisson_20250312_1409,-0.4187008802500735,-0.4187008802500735,Under
2019,Ryan Newman,0,0.5116037576460729,poisson,poisson_20250312_1409,-0.5116037576460729,-0.5116037576460729,Under
2019,Ryan Truex,0,0.5981872344998849,poisson,poisson_20250312_1409,-0.5981872344998849,-0.5981872344998849,Under
2019,Daniel Suárez,0,0.6003094702605722,poisson,poisson_20250312_1409,-0.6003094702605722,-0.6003094702605722,Under
2019,Aric Almirola,0,0.6219869483374063,poisson,poisson_20250312_1409,-0.6219869483374063,-0.6219869483374063,Under
2019,William Byron,0,0.6613647889569773,poisson,poisson_20250312_1409,-0.6613647889569773,-0.6613647889569773,Under
2019,Clint Bowyer,0,0.887284388471678,poisson,poisson_20250312_1409,-0.887284388471678,-0.887284388471678,Under
2018,Kyle Busch,8,5.801102078292101,poisson,poisson_20250312_1409,2.198897921707899,2.198897921707899,Over
2018,Kevin Harvick,8,9.578778851301541,poisson,poisson_20250312_1409,-1.578778851301541,-1.578778851301541,Under
2018,Martin Truex Jr,4,3.79536242876766,poisson,poisson_20250312_1409,0.20463757123234005,0.20463757123234005,Over
2018,Chase Elliott,3,1.462613962244144,poisson,poisson_20250312_1409,1.537386037755856,1.537386037755856,Over
2018,Brad Keselowski,3,1.9964306238053031,poisson,poisson_20250312_1409,1.0035693761946969,1.0035693761946969,Over
2018,Joey Logano,3,2.6507653087996284,poisson,poisson_20250312_1409,0.34923469120037165,0.34923469120037165,Over
2018,Clint Bowyer,2,1.5501798264058537,poisson,poisson_20250312_1409,0.4498201735941463,0.4498201735941463,Over
2018,Austin Dillon,1,0.3044072078788576,poisson,poisson_20250312_1409,0.6955927921211424,0.6955927921211424,Over
2018,Erik Jones,1,0.8103103163655655,poisson,poisson_20250312_1409,0.1896896836344345,0.1896896836344345,Over
2018,Aric Almirola,1,0.8316778510890134,poisson,poisson_20250312_1409,0.16832214891098662,0.16832214891098662,Over
2018,Ryan Blaney,1,0.9687667100066466,poisson,poisson_20250312_1409,0.031233289993353397,0.031233289993353397,Over
2018,Kurt Busch,1,1.6670445186492153,poisson,poisson_20250312_1409,-0.6670445186492153,-0.6670445186492153,Under
2018,Josh Bilicki,0,2.0507459957393126e-13,poisson,poisson_20250312_1409,-2.0507459957393126e-13,-2.0507459957393126e-13,Under
2018,Garrett Smithley,0,6.677039171254758e-13,poisson,poisson_20250312_1409,-6.677039171254758e-13,-6.677039171254758e-13,Under
2018,Kyle Weatherman,0,1.6586841563641549e-12,poisson,poisson_20250312_1409,-1.6586841563641549e-12,-1.6586841563641549e-12,Under
2018,Gray Gaulding,0,2.6412861793332383e-12,poisson,poisson_20250312_1409,-2.6412861793332383e-12,-2.6412861793332383e-12,Under
2018,Hermie Sadler,0,4.033431192892499e-11,poisson,poisson_20250312_1409,-4.033431192892499e-11,-4.033431192892499e-11,Under
2018,Stanton Barrett,0,0.00034742819722547423,poisson,poisson_20250312_1409,-0.00034742819722547423,-0.00034742819722547423,Under
2018,Alon Day,0,0.0004468998887144568,poisson,poisson_20250312_1409,-0.0004468998887144568,-0.0004468998887144568,Under
2018,Spencer Gallagher,0,0.00078457192039193,poisson,poisson_20250312_1409,-0.00078457192039193,-0.00078457192039193,Under
2018,Danica Patrick,0,0.0008876380689728428,poisson,poisson_20250312_1409,-0.0008876380689728428,-0.0008876380689728428,Under
2018,Jesse Little,0,0.0009509677511420828,poisson,poisson_20250312_1409,-0.0009509677511420828,-0.0009509677511420828,Under
2018,Tanner Berryhill,0,0.0010444866062520152,poisson,poisson_20250312_1409,-0.0010444866062520152,-0.0010444866062520152,Under
2018,Derrike Cope,0,0.001084560332780918,poisson,poisson_20250312_1409,-0.001084560332780918,-0.001084560332780918,Under
2018,Jeb Burton,0,0.0011417765092487228,poisson,poisson_20250312_1409,-0.0011417765092487228,-0.0011417765092487228,Under
2018,Cody Ware,0,0.0011988438355286849,poisson,poisson_20250312_1409,-0.0011988438355286849,-0.0011988438355286849,Under
2018,Chad Finchum,0,0.0012917672293979209,poisson,poisson_20250312_1409,-0.0012917672293979209,-0.0012917672293979209,Under
2018,Tomy Drissi,0,0.0013773847651610972,poisson,poisson_20250312_1409,-0.0013773847651610972,-0.0013773847651610972,Under
2018,Harrison Rhodes,0,0.0016599558036537187,poisson,poisson_20250312_1409,-0.0016599558036537187,-0.0016599558036537187,Under
2018,Chris Cook,0,0.0016616113363080356,poisson,poisson_20250312_1409,-0.0016616113363080356,-0.0016616113363080356,Under
2018,Blake Jones,0,0.0023007178244403926,poisson,poisson_20250312_1409,-0.0023007178244403926,-0.0023007178244403926,Under
2018,Timmy Hill,0,0.0027829337486480615,poisson,poisson_20250312_1409,-0.0027829337486480615,-0.0027829337486480615,Under
2018,Joey Gase,0,0.003365585133160869,poisson,poisson_20250312_1409,-0.003365585133160869,-0.003365585133160869,Under
2018,Daniel Hemric,0,0.0034325661554451084,poisson,poisson_20250312_1409,-0.0034325661554451084,-0.0034325661554451084,Under
2018,Reed Sorenson,0,0.0038796560838416593,poisson,poisson_20250312_1409,-0.0038796560838416593,-0.0038796560838416593,Under
2018,BJ McLeod,0,0.004239256811402152,poisson,poisson_20250312_1409,-0.004239256811402152,-0.004239256811402152,Under
2018,Parker Kligerman,0,0.0049810553717387655,poisson,poisson_20250312_1409,-0.0049810553717387655,-0.0049810553717387655,Under
2018,Cole Custer,0,0.005187022119247416,poisson,poisson_20250312_1409,-0.005187022119247416,-0.005187022119247416,Under
2018,David Starr,0,0.005512685314869373,poisson,poisson_20250312_1409,-0.005512685314869373,-0.005512685314869373,Under
2018,Jeffrey Earnhardt,0,0.005916491805676001,poisson,poisson_20250312_1409,-0.005916491805676001,-0.005916491805676001,Under
2018,JJ Yeley,0,0.006863466970290816,poisson,poisson_20250312_1409,-0.006863466970290816,-0.006863466970290816,Under
2018,D.J. Kennington,0,0.007186741836402841,poisson,poisson_20250312_1409,-0.007186741836402841,-0.007186741836402841,Under
2018,Corey LaJoie,0,0.008977453909555925,poisson,poisson_20250312_1409,-0.008977453909555925,-0.008977453909555925,Under
2018,Mark Thompson,0,0.00899077210264881,poisson,poisson_20250312_1409,-0.00899077210264881,-0.00899077210264881,Under
2018,Cole Whitt,0,0.00936962510771691,poisson,poisson_20250312_1409,-0.00936962510771691,-0.00936962510771691,Under
2018,Justin Marks,0,0.009842582255089346,poisson,poisson_20250312_1409,-0.009842582255089346,-0.009842582255089346,Under
2018,Regan Smith,0,0.015085848278272489,poisson,poisson_20250312_1409,-0.015085848278272489,-0.015085848278272489,Under
2018,Landon Cassill,0,0.018729723786533613,poisson,poisson_20250312_1409,-0.018729723786533613,-0.018729723786533613,Under
2018,Brendan Gaughan,0,0.024535739517226478,poisson,poisson_20250312_1409,-0.024535739517226478,-0.024535739517226478,Under
2018,Ray Black Jr,0,0.027710350425118154,poisson,poisson_20250312_1409,-0.027710350425118154,-0.027710350425118154,Under
2018,Ross Chastain,0,0.03782562819678457,poisson,poisson_20250312_1409,-0.03782562819678457,-0.03782562819678457,Under
2018,Matt Kenseth,0,0.03981069364548616,poisson,poisson_20250312_1409,-0.03981069364548616,-0.03981069364548616,Under
2018,David Gilliland,0,0.0403264842344155,poisson,poisson_20250312_1409,-0.0403264842344155,-0.0403264842344155,Under
2018,Trevor Bayne,0,0.04089009504576698,poisson,poisson_20250312_1409,-0.04089009504576698,-0.04089009504576698,Under
2018,Kasey Kahne,0,0.04783599415132104,poisson,poisson_20250312_1409,-0.04783599415132104,-0.04783599415132104,Under
2018,Matt DiBenedetto,0,0.05056435298742465,poisson,poisson_20250312_1409,-0.05056435298742465,-0.05056435298742465,Under
2018,Timothy Peters,0,0.06905667423558273,poisson,poisson_20250312_1409,-0.06905667423558273,-0.06905667423558273,Under
2018,Bubba Wallace,0,0.10572016733781744,poisson,poisson_20250312_1409,-0.10572016733781744,-0.10572016733781744,Under
2018,David Ragan,0,0.10822629302485653,poisson,poisson_20250312_1409,-0.10822629302485653,-0.10822629302485653,Under
2018,Ty Dillon,0,0.1097793333066684,poisson,poisson_20250312_1409,-0.1097793333066684,-0.1097793333066684,Under
2018,Michael McDowell,0,0.11767423002119322,poisson,poisson_20250312_1409,-0.11767423002119322,-0.11767423002119322,Under
2018,Chris Buescher,0,0.16263427443631656,poisson,poisson_20250312_1409,-0.16263427443631656,-0.16263427443631656,Under
2018,AJ Allmendinger,0,0.19291231358773092,poisson,poisson_20250312_1409,-0.19291231358773092,-0.19291231358773092,Under
2018,William Byron,0,0.23952778277941775,poisson,poisson_20250312_1409,-0.23952778277941775,-0.23952778277941775,Under
2018,Daniel Suárez,0,0.30028385475333785,poisson,poisson_20250312_1409,-0.30028385475333785,-0.30028385475333785,Under
2018,Jamie McMurray,0,0.3017083117866033,poisson,poisson_20250312_1409,-0.3017083117866033,-0.3017083117866033,Under
2018,Paul Menard,0,0.302765671895591,poisson,poisson_20250312_1409,-0.302765671895591,-0.302765671895591,Under
2018,Ricky Stenhouse Jr,0,0.31266455371386087,poisson,poisson_20250312_1409,-0.31266455371386087,-0.31266455371386087,Under
2018,Ryan Newman,0,0.35372338874200115,poisson,poisson_20250312_1409,-0.35372338874200115,-0.35372338874200115,Under
2018,Alex Bowman,0,0.40368695029065804,poisson,poisson_20250312_1409,-0.40368695029065804,-0.40368695029065804,Under
2018,Jimmie Johnson,0,0.4054226287370288,poisson,poisson_20250312_1409,-0.4054226287370288,-0.4054226287370288,Under
2018,Denny Hamlin,0,1.5192982782399636,poisson,poisson_20250312_1409,-1.5192982782399636,-1.5192982782399636,Under
2018,Kyle Larson,0,1.8171774697218381,poisson,poisson_20250312_1409,-1.8171774697218381,-1.8171774697218381,Under
2017,Martin Truex Jr,8,9.247980811292559,poisson,poisson_20250312_1409,-1.2479808112925586,-1.2479808112925586,Under
2017,Kyle Busch,5,4.534419902269651,poisson,poisson_20250312_1409,0.46558009773034925,0.46558009773034925,Over
2017,Kyle Larson,4,2.601736509267719,poisson,poisson_20250312_1409,1.398263490732281,1.398263490732281,Over
2017,Jimmie Johnson,3,0.5874231497919578,poisson,poisson_20250312_1409,2.4125768502080422,2.4125768502080422,Over
2017,Brad Keselowski,3,2.194422593521762,poisson,poisson_20250312_1409,0.8055774064782382,0.8055774064782382,Over
2017,Ricky Stenhouse Jr,2,0.5245419318277992,poisson,poisson_20250312_1409,1.475458068172201,1.475458068172201,Over
2017,Denny Hamlin,2,1.7157137767654407,poisson,poisson_20250312_1409,0.2842862232345593,0.2842862232345593,Over
2017,Kevin Harvick,2,2.571153223483071,poisson,poisson_20250312_1409,-0.571153223483071,-0.571153223483071,Under
2017,Austin Dillon,1,0.3444850528195318,poisson,poisson_20250312_1409,0.6555149471804682,0.6555149471804682,Over
2017,Kasey Kahne,1,0.38072435134701516,poisson,poisson_20250312_1409,0.6192756486529849,0.6192756486529849,Over
2017,Ryan Newman,1,0.4990986934690522,poisson,poisson_20250312_1409,0.5009013065309478,0.5009013065309478,Over
2017,Ryan Blaney,1,0.5239466308933237,poisson,poisson_20250312_1409,0.4760533691066763,0.4760533691066763,Over
2017,Kurt Busch,1,0.603746980688964,poisson,poisson_20250312_1409,0.39625301931103596,0.39625301931103596,Over
2017,Joey Logano,1,0.838511305719419,poisson,poisson_20250312_1409,0.161488694280581,0.161488694280581,Over
2017,Matt Kenseth,1,1.3049134359634065,poisson,poisson_20250312_1409,-0.3049134359634065,-0.3049134359634065,Under
2017,Cody Ware,0,2.6601005088559663e-13,poisson,poisson_20250312_1409,-2.6601005088559663e-13,-2.6601005088559663e-13,Under
2017,BJ McLeod,0,1.3500085991471558e-12,poisson,poisson_20250312_1409,-1.3500085991471558e-12,-1.3500085991471558e-12,Under
2017,Justin Marks,0,0.0003237849682668378,poisson,poisson_20250312_1409,-0.0003237849682668378,-0.0003237849682668378,Under
2017,Mark Thompson,0,0.00039059875454291803,poisson,poisson_20250312_1409,-0.00039059875454291803,-0.00039059875454291803,Under
2017,Ray Black Jr,0,0.0005417235551332154,poisson,poisson_20250312_1409,-0.0005417235551332154,-0.0005417235551332154,Under
2017,Josh Bilicki,0,0.0006493518450866688,poisson,poisson_20250312_1409,-0.0006493518450866688,-0.0006493518450866688,Under
2017,Kyle Weatherman,0,0.0008603820397523413,poisson,poisson_20250312_1409,-0.0008603820397523413,-0.0008603820397523413,Under
2017,Hermie Sadler,0,0.0008820608615009789,poisson,poisson_20250312_1409,-0.0008820608615009789,-0.0008820608615009789,Under
2017,Tommy Regan,0,0.0008820608615009789,poisson,poisson_20250312_1409,-0.0008820608615009789,-0.0008820608615009789,Under
2017,Kevin O'Connell,0,0.00106407618543119,poisson,poisson_20250312_1409,-0.00106407618543119,-0.00106407618543119,Under
2017,David Starr,0,0.0011454112662255213,poisson,poisson_20250312_1409,-0.0011454112662255213,-0.0011454112662255213,Under
2017,Stephen Leicht,0,0.0012836507976048974,poisson,poisson_20250312_1409,-0.0012836507976048974,-0.0012836507976048974,Under
2017,Alon Day,0,0.0012836507976048974,poisson,poisson_20250312_1409,-0.0012836507976048974,-0.0012836507976048974,Under
2017,Carl Long,0,0.0012980085847025058,poisson,poisson_20250312_1409,-0.0012980085847025058,-0.0012980085847025058,Under
2017,Gary Klutt,0,0.0015485351450882968,poisson,poisson_20250312_1409,-0.0015485351450882968,-0.0015485351450882968,Under
2017,Brett Moffitt,0,0.0015920593864141674,poisson,poisson_20250312_1409,-0.0015920593864141674,-0.0015920593864141674,Under
2017,Ryan Sieg,0,0.0018630503556075109,poisson,poisson_20250312_1409,-0.0018630503556075109,-0.0018630503556075109,Under
2017,Derrike Cope,0,0.001936776447429915,poisson,poisson_20250312_1409,-0.001936776447429915,-0.001936776447429915,Under
2017,Boris Said,0,0.002198174639950292,poisson,poisson_20250312_1409,-0.002198174639950292,-0.002198174639950292,Under
2017,Ross Chastain,0,0.002414344720810505,poisson,poisson_20250312_1409,-0.002414344720810505,-0.002414344720810505,Under
2017,JJ Yeley,0,0.002598890644891035,poisson,poisson_20250312_1409,-0.002598890644891035,-0.002598890644891035,Under
2017,Regan Smith,0,0.0032951607768916,poisson,poisson_20250312_1409,-0.0032951607768916,-0.0032951607768916,Under
2017,Joey Gase,0,0.005094967990576173,poisson,poisson_20250312_1409,-0.005094967990576173,-0.005094967990576173,Under
2017,D.J. Kennington,0,0.005961193475199968,poisson,poisson_20250312_1409,-0.005961193475199968,-0.005961193475199968,Under
2017,Billy Johnson,0,0.008378930907733093,poisson,poisson_20250312_1409,-0.008378930907733093,-0.008378930907733093,Under
2017,Reed Sorenson,0,0.012420709639163956,poisson,poisson_20250312_1409,-0.012420709639163956,-0.012420709639163956,Under
2017,Gray Gaulding,0,0.014541542150887996,poisson,poisson_20250312_1409,-0.014541542150887996,-0.014541542150887996,Under
2017,Elliott Sadler,0,0.01721449621737255,poisson,poisson_20250312_1409,-0.01721449621737255,-0.01721449621737255,Under
2017,Jeffrey Earnhardt,0,0.019748780809455375,poisson,poisson_20250312_1409,-0.019748780809455375,-0.019748780809455375,Under
2017,Corey LaJoie,0,0.021989137650357392,poisson,poisson_20250312_1409,-0.021989137650357392,-0.021989137650357392,Under
2017,Bubba Wallace,0,0.022868803699770124,poisson,poisson_20250312_1409,-0.022868803699770124,-0.022868803699770124,Under
2017,Timmy Hill,0,0.03726880104972851,poisson,poisson_20250312_1409,-0.03726880104972851,-0.03726880104972851,Under
2017,Brendan Gaughan,0,0.03951586977093315,poisson,poisson_20250312_1409,-0.03951586977093315,-0.03951586977093315,Under
2017,Cole Whitt,0,0.04855121253272401,poisson,poisson_20250312_1409,-0.04855121253272401,-0.04855121253272401,Under
2017,Matt DiBenedetto,0,0.052390319600095554,poisson,poisson_20250312_1409,-0.052390319600095554,-0.052390319600095554,Under
2017,Landon Cassill,0,0.06667603355158239,poisson,poisson_20250312_1409,-0.06667603355158239,-0.06667603355158239,Under
2017,David Ragan,0,0.08728339783249034,poisson,poisson_20250312_1409,-0.08728339783249034,-0.08728339783249034,Under
2017,Michael Waltrip,0,0.11535396702247531,poisson,poisson_20250312_1409,-0.11535396702247531,-0.11535396702247531,Under
2017,Michael McDowell,0,0.11767668616104072,poisson,poisson_20250312_1409,-0.11767668616104072,-0.11767668616104072,Under
2017,Ty Dillon,0,0.15584462600408933,poisson,poisson_20250312_1409,-0.15584462600408933,-0.15584462600408933,Under
2017,Aric Almirola,0,0.16215748109020178,poisson,poisson_20250312_1409,-0.16215748109020178,-0.16215748109020178,Under
2017,Chris Buescher,0,0.16771152548153406,poisson,poisson_20250312_1409,-0.16771152548153406,-0.16771152548153406,Under
2017,AJ Allmendinger,0,0.17534449381501274,poisson,poisson_20250312_1409,-0.17534449381501274,-0.17534449381501274,Under
2017,Paul Menard,0,0.22098548287210035,poisson,poisson_20250312_1409,-0.22098548287210035,-0.22098548287210035,Under
2017,Danica Patrick,0,0.22775337674270396,poisson,poisson_20250312_1409,-0.22775337674270396,-0.22775337674270396,Under
2017,Dale Earnhardt Jr,0,0.2582870506116149,poisson,poisson_20250312_1409,-0.2582870506116149,-0.2582870506116149,Under
2017,Trevor Bayne,0,0.2887779878319797,poisson,poisson_20250312_1409,-0.2887779878319797,-0.2887779878319797,Under
2017,Daniel Suárez,0,0.5138697722327252,poisson,poisson_20250312_1409,-0.5138697722327252,-0.5138697722327252,Under
2017,Clint Bowyer,0,0.5241140930711614,poisson,poisson_20250312_1409,-0.5241140930711614,-0.5241140930711614,Under
2017,Jamie McMurray,0,0.7121826124013144,poisson,poisson_20250312_1409,-0.7121826124013144,-0.7121826124013144,Under
2017,Erik Jones,0,0.8337635168689009,poisson,poisson_20250312_1409,-0.8337635168689009,-0.8337635168689009,Under
2017,Chase Elliott,0,1.6103595223240899,poisson,poisson_20250312_1409,-1.6103595223240899,-1.6103595223240899,Under
2016,Jimmie Johnson,5,1.1470746877467075,poisson,poisson_20250312_1409,3.8529253122532925,3.8529253122532925,Over
2016,Brad Keselowski,4,1.4679443932601361,poisson,poisson_20250312_1409,2.532055606739864,2.532055606739864,Over
2016,Martin Truex Jr,4,1.8687870839477994,poisson,poisson_20250312_1409,2.131212916052201,2.131212916052201,Over
2016,Kyle Busch,4,3.1834463012001466,poisson,poisson_20250312_1409,0.8165536987998534,0.8165536987998534,Over
2016,Kevin Harvick,4,3.3126678504966782,poisson,poisson_20250312_1409,0.6873321495033218,0.6873321495033218,Over
2016,Denny Hamlin,3,1.420500360578652,poisson,poisson_20250312_1409,1.579499639421348,1.579499639421348,Over
2016,Carl Edwards,3,1.4571572018973817,poisson,poisson_20250312_1409,1.5428427981026183,1.5428427981026183,Over
2016,Joey Logano,3,2.196601612596975,poisson,poisson_20250312_1409,0.8033983874030248,0.8033983874030248,Over
2016,Matt Kenseth,2,1.3286028424404228,poisson,poisson_20250312_1409,0.6713971575595772,0.6713971575595772,Over
2016,Chris Buescher,1,0.06847319500557665,poisson,poisson_20250312_1409,0.9315268049944233,0.9315268049944233,Over
2016,Tony Stewart,1,0.14352313010914003,poisson,poisson_20250312_1409,0.85647686989086,0.85647686989086,Over
2016,Kyle Larson,1,0.6711943420123123,poisson,poisson_20250312_1409,0.3288056579876877,0.3288056579876877,Over
2016,Kurt Busch,1,0.9674418516422731,poisson,poisson_20250312_1409,0.03255814835772686,0.03255814835772686,Over
2016,Cole Whitt,0,1.222941720623956e-12,poisson,poisson_20250312_1409,-1.222941720623956e-12,-1.222941720623956e-12,Under
2016,Gray Gaulding,0,3.6026343356967944e-12,poisson,poisson_20250312_1409,-3.6026343356967944e-12,-3.6026343356967944e-12,Under
2016,Michael McDowell,0,2.851152370634918e-11,poisson,poisson_20250312_1409,-2.851152370634918e-11,-2.851152370634918e-11,Under
2016,Justin Allgaier,0,0.0003017507114067662,poisson,poisson_20250312_1409,-0.0003017507114067662,-0.0003017507114067662,Under
2016,Robert Richardson,0,0.00039669985141342347,poisson,poisson_20250312_1409,-0.00039669985141342347,-0.00039669985141342347,Under
2016,Eddie MacDonald,0,0.0005648613104130348,poisson,poisson_20250312_1409,-0.0005648613104130348,-0.0005648613104130348,Under
2016,Alex Kennedy,0,0.0005773117285921192,poisson,poisson_20250312_1409,-0.0005773117285921192,-0.0005773117285921192,Under
2016,Patrick Carpentier,0,0.0006646741433691568,poisson,poisson_20250312_1409,-0.0006646741433691568,-0.0006646741433691568,Under
2016,D.J. Kennington,0,0.0006814217643203972,poisson,poisson_20250312_1409,-0.0006814217643203972,-0.0006814217643203972,Under
2016,Ryan Ellis,0,0.0006945946565578704,poisson,poisson_20250312_1409,-0.0006945946565578704,-0.0006945946565578704,Under
2016,Timmy Hill,0,0.0008220347407932649,poisson,poisson_20250312_1409,-0.0008220347407932649,-0.0008220347407932649,Under
2016,Joey Gase,0,0.0008756453846153147,poisson,poisson_20250312_1409,-0.0008756453846153147,-0.0008756453846153147,Under
2016,Jeb Burton,0,0.0011668937099046815,poisson,poisson_20250312_1409,-0.0011668937099046815,-0.0011668937099046815,Under
2016,Dylan Lupton,0,0.0013393406123763097,poisson,poisson_20250312_1409,-0.0013393406123763097,-0.0013393406123763097,Under
2016,Ryan Reed,0,0.0036870883430551,poisson,poisson_20250312_1409,-0.0036870883430551,-0.0036870883430551,Under
2016,Bobby Labonte,0,0.004441252963728001,poisson,poisson_20250312_1409,-0.004441252963728001,-0.004441252963728001,Under
2016,Jeffrey Earnhardt,0,0.004636599254681315,poisson,poisson_20250312_1409,-0.004636599254681315,-0.004636599254681315,Under
2016,Boris Said,0,0.0053657679407161304,poisson,poisson_20250312_1409,-0.0053657679407161304,-0.0053657679407161304,Under
2016,Brian Vickers,0,0.008269036014520484,poisson,poisson_20250312_1409,-0.008269036014520484,-0.008269036014520484,Under
2016,Michael Waltrip,0,0.01061103238994638,poisson,poisson_20250312_1409,-0.01061103238994638,-0.01061103238994638,Under
2016,Ty Dillon,0,0.012190125247353096,poisson,poisson_20250312_1409,-0.012190125247353096,-0.012190125247353096,Under
2016,Michael Annett,0,0.019223675166563595,poisson,poisson_20250312_1409,-0.019223675166563595,-0.019223675166563595,Under
2016,Josh Wise,0,0.019407495188551546,poisson,poisson_20250312_1409,-0.019407495188551546,-0.019407495188551546,Under
2016,David Ragan,0,0.037088147668740586,poisson,poisson_20250312_1409,-0.037088147668740586,-0.037088147668740586,Under
2016,Alex Bowman,0,0.04003460270745862,poisson,poisson_20250312_1409,-0.04003460270745862,-0.04003460270745862,Under
2016,Reed Sorenson,0,0.04247151335809212,poisson,poisson_20250312_1409,-0.04247151335809212,-0.04247151335809212,Under
2016,Matt DiBenedetto,0,0.04286524739516786,poisson,poisson_20250312_1409,-0.04286524739516786,-0.04286524739516786,Under
2016,Regan Smith,0,0.05406039167852225,poisson,poisson_20250312_1409,-0.05406039167852225,-0.05406039167852225,Under
2016,Brian Scott,0,0.05704980581451604,poisson,poisson_20250312_1409,-0.05704980581451604,-0.05704980581451604,Under
2016,Jeff Gordon,0,0.05863300404219226,poisson,poisson_20250312_1409,-0.05863300404219226,-0.05863300404219226,Under
2016,Casey Mears,0,0.06435704604746986,poisson,poisson_20250312_1409,-0.06435704604746986,-0.06435704604746986,Under
2016,Clint Bowyer,0,0.07209153562928854,poisson,poisson_20250312_1409,-0.07209153562928854,-0.07209153562928854,Under
2016,David Gilliland,0,0.11003581552043917,poisson,poisson_20250312_1409,-0.11003581552043917,-0.11003581552043917,Under
2016,Aric Almirola,0,0.12596373672829284,poisson,poisson_20250312_1409,-0.12596373672829284,-0.12596373672829284,Under
2016,Danica Patrick,0,0.12784983277213957,poisson,poisson_20250312_1409,-0.12784983277213957,-0.12784983277213957,Under
2016,Trevor Bayne,0,0.15842657247677056,poisson,poisson_20250312_1409,-0.15842657247677056,-0.15842657247677056,Under
2016,Paul Menard,0,0.16063752125244687,poisson,poisson_20250312_1409,-0.16063752125244687,-0.16063752125244687,Under
2016,Dale Earnhardt Jr,0,0.16597349816206255,poisson,poisson_20250312_1409,-0.16597349816206255,-0.16597349816206255,Under
2016,Landon Cassill,0,0.20659220353013433,poisson,poisson_20250312_1409,-0.20659220353013433,-0.20659220353013433,Under
2016,Greg Biffle,0,0.2070442136357368,poisson,poisson_20250312_1409,-0.2070442136357368,-0.2070442136357368,Under
2016,Ryan Blaney,0,0.2270074169955177,poisson,poisson_20250312_1409,-0.2270074169955177,-0.2270074169955177,Under
2016,Ricky Stenhouse Jr,0,0.278537016494456,poisson,poisson_20250312_1409,-0.278537016494456,-0.278537016494456,Under
2016,AJ Allmendinger,0,0.2875992302373856,poisson,poisson_20250312_1409,-0.2875992302373856,-0.2875992302373856,Under
2016,Jamie McMurray,0,0.31723838696893447,poisson,poisson_20250312_1409,-0.31723838696893447,-0.31723838696893447,Under
2016,Kasey Kahne,0,0.37933693818997916,poisson,poisson_20250312_1409,-0.37933693818997916,-0.37933693818997916,Under
2016,Austin Dillon,0,0.4256579495784957,poisson,poisson_20250312_1409,-0.4256579495784957,-0.4256579495784957,Under
2016,Ryan Newman,0,0.4265003701291059,poisson,poisson_20250312_1409,-0.4265003701291059,-0.4265003701291059,Under
2016,Cody Ware,0,0.48418574658692126,poisson,poisson_20250312_1409,-0.48418574658692126,-0.48418574658692126,Under
2016,Chase Elliott,0,0.6908959917429746,poisson,poisson_20250312_1409,-0.6908959917429746,-0.6908959917429746,Under
2015,Joey Logano,6,3.149167281095459,poisson,poisson_20250312_1409,2.850832718904541,2.850832718904541,Over
2015,Jimmie Johnson,5,0.7958770628105531,poisson,poisson_20250312_1409,4.204122937189447,4.204122937189447,Over
2015,Kyle Busch,5,0.9316907276957214,poisson,poisson_20250312_1409,4.068309272304279,4.068309272304279,Over
2015,Matt Kenseth,5,3.7359166724513972,poisson,poisson_20250312_1409,1.2640833275486028,1.2640833275486028,Over
2015,Dale Earnhardt Jr,3,1.0886124201050713,poisson,poisson_20250312_1409,1.9113875798949287,1.9113875798949287,Over
2015,Kevin Harvick,3,6.685594609277814,poisson,poisson_20250312_1409,-3.685594609277814,-3.685594609277814,Under
2015,Carl Edwards,2,0.6460651474248207,poisson,poisson_20250312_1409,1.3539348525751793,1.3539348525751793,Over
2015,Denny Hamlin,2,0.9074352868568105,poisson,poisson_20250312_1409,1.0925647131431895,1.0925647131431895,Over
2015,Kurt Busch,2,1.000955612487667,poisson,poisson_20250312_1409,0.9990443875123329,0.9990443875123329,Over
2015,Jeff Gordon,1,0.5302837362716557,poisson,poisson_20250312_1409,0.4697162637283443,0.4697162637283443,Over
2015,Martin Truex Jr,1,1.0341820762179184,poisson,poisson_20250312_1409,-0.034182076217918356,-0.034182076217918356,Under
2015,Brad Keselowski,1,1.532660686364025,poisson,poisson_20250312_1409,-0.5326606863640251,-0.5326606863640251,Under
2015,Timmy Hill,0,5.044602543479883e-13,poisson,poisson_20250312_1409,-5.044602543479883e-13,-5.044602543479883e-13,Under
2015,Kyle Fowler,0,2.706296282411848e-11,poisson,poisson_20250312_1409,-2.706296282411848e-11,-2.706296282411848e-11,Under
2015,Austin Dillon,0,3.588383098156719e-11,poisson,poisson_20250312_1409,-3.588383098156719e-11,-3.588383098156719e-11,Under
2015,Ron Hornaday Jr,0,5.8140025269543227e-11,poisson,poisson_20250312_1409,-5.8140025269543227e-11,-5.8140025269543227e-11,Under
2015,Ryan Ellis,0,0.0002485631611002514,poisson,poisson_20250312_1409,-0.0002485631611002514,-0.0002485631611002514,Under
2015,Derek White,0,0.00029985475135150906,poisson,poisson_20250312_1409,-0.00029985475135150906,-0.00029985475135150906,Under
2015,Will Kimmel III,0,0.0003528400623579622,poisson,poisson_20250312_1409,-0.0003528400623579622,-0.0003528400623579622,Under
2015,Jeffrey Earnhardt,0,0.00042564943532612194,poisson,poisson_20250312_1409,-0.00042564943532612194,-0.00042564943532612194,Under
2015,Eddie MacDonald,0,0.00043637441307960774,poisson,poisson_20250312_1409,-0.00043637441307960774,-0.00043637441307960774,Under
2015,Ryan Preece,0,0.0005748820600129068,poisson,poisson_20250312_1409,-0.0005748820600129068,-0.0005748820600129068,Under
2015,BJ McLeod,0,0.0007660935254752842,poisson,poisson_20250312_1409,-0.0007660935254752842,-0.0007660935254752842,Under
2015,Joe Nemechek,0,0.0009428023320291047,poisson,poisson_20250312_1409,-0.0009428023320291047,-0.0009428023320291047,Under
2015,Alex Kennedy,0,0.0015162394344922444,poisson,poisson_20250312_1409,-0.0015162394344922444,-0.0015162394344922444,Under
2015,Boris Said,0,0.0020969231711867593,poisson,poisson_20250312_1409,-0.0020969231711867593,-0.0020969231711867593,Under
2015,Joey Gase,0,0.0022185477281950697,poisson,poisson_20250312_1409,-0.0022185477281950697,-0.0022185477281950697,Under
2015,Brian Vickers,0,0.0025296281770645244,poisson,poisson_20250312_1409,-0.0025296281770645244,-0.0025296281770645244,Under
2015,Bobby Labonte,0,0.002620846648773309,poisson,poisson_20250312_1409,-0.002620846648773309,-0.002620846648773309,Under
2015,Mike Bliss,0,0.0041311512691548135,poisson,poisson_20250312_1409,-0.0041311512691548135,-0.0041311512691548135,Under
2015,Chris Buescher,0,0.004279651421825393,poisson,poisson_20250312_1409,-0.004279651421825393,-0.004279651421825393,Under
2015,Michael Waltrip,0,0.004918141412372419,poisson,poisson_20250312_1409,-0.004918141412372419,-0.004918141412372419,Under
2015,Chase Elliott,0,0.004932907441603855,poisson,poisson_20250312_1409,-0.004932907441603855,-0.004932907441603855,Under
2015,Erik Jones,0,0.006158507524678632,poisson,poisson_20250312_1409,-0.006158507524678632,-0.006158507524678632,Under
2015,JJ Yeley,0,0.00781222081766914,poisson,poisson_20250312_1409,-0.00781222081766914,-0.00781222081766914,Under
2015,Ty Dillon,0,0.009953737005969689,poisson,poisson_20250312_1409,-0.009953737005969689,-0.009953737005969689,Under
2015,Brian Scott,0,0.011708326002959603,poisson,poisson_20250312_1409,-0.011708326002959603,-0.011708326002959603,Under
2015,Johnny Sauter,0,0.012775984121836084,poisson,poisson_20250312_1409,-0.012775984121836084,-0.012775984121836084,Under
2015,Brett Moffitt,0,0.013294524885081498,poisson,poisson_20250312_1409,-0.013294524885081498,-0.013294524885081498,Under
2015,T.J. Bell,0,0.015033542119692997,poisson,poisson_20250312_1409,-0.015033542119692997,-0.015033542119692997,Under
2015,Matt Crafton,0,0.015412338357649392,poisson,poisson_20250312_1409,-0.015412338357649392,-0.015412338357649392,Under
2015,Michael Annett,0,0.01669631209181865,poisson,poisson_20250312_1409,-0.01669631209181865,-0.01669631209181865,Under
2015,Matt DiBenedetto,0,0.018634125186399824,poisson,poisson_20250312_1409,-0.018634125186399824,-0.018634125186399824,Under
2015,Michael McDowell,0,0.018900939567349992,poisson,poisson_20250312_1409,-0.018900939567349992,-0.018900939567349992,Under
2015,Alex Bowman,0,0.020731790645431226,poisson,poisson_20250312_1409,-0.020731790645431226,-0.020731790645431226,Under
2015,Landon Cassill,0,0.021006119927123566,poisson,poisson_20250312_1409,-0.021006119927123566,-0.021006119927123566,Under
2015,Josh Wise,0,0.021738473252821792,poisson,poisson_20250312_1409,-0.021738473252821792,-0.021738473252821792,Under
2015,Regan Smith,0,0.0263170947218298,poisson,poisson_20250312_1409,-0.0263170947218298,-0.0263170947218298,Under
2015,Justin Marks,0,0.028988177951952125,poisson,poisson_20250312_1409,-0.028988177951952125,-0.028988177951952125,Under
2015,Cole Whitt,0,0.029538383728558885,poisson,poisson_20250312_1409,-0.029538383728558885,-0.029538383728558885,Under
2015,David Gilliland,0,0.029680908390188544,poisson,poisson_20250312_1409,-0.029680908390188544,-0.029680908390188544,Under
2015,Jeb Burton,0,0.0323424714489179,poisson,poisson_20250312_1409,-0.0323424714489179,-0.0323424714489179,Under
2015,Ryan Blaney,0,0.0339562504873399,poisson,poisson_20250312_1409,-0.0339562504873399,-0.0339562504873399,Under
2015,Jeff Green,0,0.04245619545708008,poisson,poisson_20250312_1409,-0.04245619545708008,-0.04245619545708008,Under
2015,Justin Allgaier,0,0.04554654371164013,poisson,poisson_20250312_1409,-0.04554654371164013,-0.04554654371164013,Under
2015,Brendan Gaughan,0,0.050188476127549064,poisson,poisson_20250312_1409,-0.050188476127549064,-0.050188476127549064,Under
2015,Reed Sorenson,0,0.05031961560542405,poisson,poisson_20250312_1409,-0.05031961560542405,-0.05031961560542405,Under
2015,Trevor Bayne,0,0.05047544637049607,poisson,poisson_20250312_1409,-0.05047544637049607,-0.05047544637049607,Under
2015,Mike Wallace,0,0.05452219134269012,poisson,poisson_20250312_1409,-0.05452219134269012,-0.05452219134269012,Under
2015,Sam Hornish Jr,0,0.06717017265606719,poisson,poisson_20250312_1409,-0.06717017265606719,-0.06717017265606719,Under
2015,AJ Allmendinger,0,0.07661786533686203,poisson,poisson_20250312_1409,-0.07661786533686203,-0.07661786533686203,Under
2015,Ricky Stenhouse Jr,0,0.07805942285156643,poisson,poisson_20250312_1409,-0.07805942285156643,-0.07805942285156643,Under
2015,Tony Stewart,0,0.07919764800959964,poisson,poisson_20250312_1409,-0.07919764800959964,-0.07919764800959964,Under
2015,David Ragan,0,0.08347315454784192,poisson,poisson_20250312_1409,-0.08347315454784192,-0.08347315454784192,Under
2015,Casey Mears,0,0.08379528615259002,poisson,poisson_20250312_1409,-0.08379528615259002,-0.08379528615259002,Under
2015,Danica Patrick,0,0.10052723582239016,poisson,poisson_20250312_1409,-0.10052723582239016,-0.10052723582239016,Under
2015,Greg Biffle,0,0.12967243825236172,poisson,poisson_20250312_1409,-0.12967243825236172,-0.12967243825236172,Under
2015,Travis Kvapil,0,0.16485838599572467,poisson,poisson_20250312_1409,-0.16485838599572467,-0.16485838599572467,Under
2015,Aric Almirola,0,0.21481953834234385,poisson,poisson_20250312_1409,-0.21481953834234385,-0.21481953834234385,Under
2015,Paul Menard,0,0.21767041402470785,poisson,poisson_20250312_1409,-0.21767041402470785,-0.21767041402470785,Under
2015,Clint Bowyer,0,0.21931020584473912,poisson,poisson_20250312_1409,-0.21931020584473912,-0.21931020584473912,Under
2015,Kyle Larson,0,0.2544527584567679,poisson,poisson_20250312_1409,-0.2544527584567679,-0.2544527584567679,Under
2015,Kasey Kahne,0,0.2639647686261514,poisson,poisson_20250312_1409,-0.2639647686261514,-0.2639647686261514,Under
2015,Jamie McMurray,0,0.3798387052000316,poisson,poisson_20250312_1409,-0.3798387052000316,-0.3798387052000316,Under
2015,Tanner Berryhill,0,0.4512358750552406,poisson,poisson_20250312_1409,-0.4512358750552406,-0.4512358750552406,Under
2015,Ryan Newman,0,0.4933231462122804,poisson,poisson_20250312_1409,-0.4933231462122804,-0.4933231462122804,Under
2014,Brad Keselowski,6,1.6453448648786455,poisson,poisson_20250312_1409,4.354655135121354,4.354655135121354,Over
2014,Joey Logano,5,1.677702587506776,poisson,poisson_20250312_1409,3.3222974124932243,3.3222974124932243,Over
2014,Kevin Harvick,5,2.1223431564278754,poisson,poisson_20250312_1409,2.8776568435721246,2.8776568435721246,Over
2014,Dale Earnhardt Jr,4,0.9049714850223366,poisson,poisson_20250312_1409,3.0950285149776633,3.0950285149776633,Over
2014,Jimmie Johnson,4,1.1053471821307697,poisson,poisson_20250312_1409,2.8946528178692303,2.8946528178692303,Over
2014,Jeff Gordon,4,1.5946276804182915,poisson,poisson_20250312_1409,2.4053723195817085,2.4053723195817085,Over
2014,Carl Edwards,2,0.4243243981825439,poisson,poisson_20250312_1409,1.575675601817456,1.575675601817456,Over
2014,Aric Almirola,1,0.15842269871012848,poisson,poisson_20250312_1409,0.8415773012898715,0.8415773012898715,Over
2014,AJ Allmendinger,1,0.1630525705808728,poisson,poisson_20250312_1409,0.8369474294191273,0.8369474294191273,Over
2014,Kurt Busch,1,0.2781999043585906,poisson,poisson_20250312_1409,0.7218000956414095,0.7218000956414095,Over
2014,Kasey Kahne,1,0.37093942949125985,poisson,poisson_20250312_1409,0.6290605705087402,0.6290605705087402,Over
2014,Kyle Busch,1,0.3921680504728673,poisson,poisson_20250312_1409,0.6078319495271327,0.6078319495271327,Over
2014,Denny Hamlin,1,0.5357232283529652,poisson,poisson_20250312_1409,0.46427677164703485,0.46427677164703485,Over
2014,Mike Bliss,0,1.9579861364681157e-14,poisson,poisson_20250312_1409,-1.9579861364681157e-14,-1.9579861364681157e-14,Under
2014,Johnny Sauter,0,4.160630533721279e-14,poisson,poisson_20250312_1409,-4.160630533721279e-14,-4.160630533721279e-14,Under
2014,Alex Kennedy,0,7.142863214539632e-13,poisson,poisson_20250312_1409,-7.142863214539632e-13,-7.142863214539632e-13,Under
2014,Clay Rogers,0,1.0150910576911912e-11,poisson,poisson_20250312_1409,-1.0150910576911912e-11,-1.0150910576911912e-11,Under
2014,Dave Blaney,0,1.7195306783931433e-11,poisson,poisson_20250312_1409,-1.7195306783931433e-11,-1.7195306783931433e-11,Under
2014,Morgan Shepherd,0,3.7593005038497775e-10,poisson,poisson_20250312_1409,-3.7593005038497775e-10,-3.7593005038497775e-10,Under
2014,David Stremme,0,3.919799387803595e-10,poisson,poisson_20250312_1409,-3.919799387803595e-10,-3.919799387803595e-10,Under
2014,Tomy Drissi,0,0.000337113951478341,poisson,poisson_20250312_1409,-0.000337113951478341,-0.000337113951478341,Under
2014,Corey LaJoie,0,0.00036116578087615507,poisson,poisson_20250312_1409,-0.00036116578087615507,-0.00036116578087615507,Under
2014,Regan Smith,0,0.0004601019318738583,poisson,poisson_20250312_1409,-0.0004601019318738583,-0.0004601019318738583,Under
2014,Eddie MacDonald,0,0.0005918330860701284,poisson,poisson_20250312_1409,-0.0005918330860701284,-0.0005918330860701284,Under
2014,Joey Gase,0,0.000603274096430502,poisson,poisson_20250312_1409,-0.000603274096430502,-0.000603274096430502,Under
2014,Timmy Hill,0,0.0007096620965337235,poisson,poisson_20250312_1409,-0.0007096620965337235,-0.0007096620965337235,Under
2014,Parker Kligerman,0,0.0008046328521349857,poisson,poisson_20250312_1409,-0.0008046328521349857,-0.0008046328521349857,Under
2014,Mike Wallace,0,0.0008892147246016024,poisson,poisson_20250312_1409,-0.0008892147246016024,-0.0008892147246016024,Under
2014,Brian Scott,0,0.001558533726407958,poisson,poisson_20250312_1409,-0.001558533726407958,-0.001558533726407958,Under
2014,Boris Said,0,0.0016199438715860306,poisson,poisson_20250312_1409,-0.0016199438715860306,-0.0016199438715860306,Under
2014,Kyle Fowler,0,0.0022004851418627935,poisson,poisson_20250312_1409,-0.0022004851418627935,-0.0022004851418627935,Under
2014,Brett Moffitt,0,0.0023478844742639937,poisson,poisson_20250312_1409,-0.0023478844742639937,-0.0023478844742639937,Under
2014,Blake Koch,0,0.0024993315238208457,poisson,poisson_20250312_1409,-0.0024993315238208457,-0.0024993315238208457,Under
2014,Nelson Piquet Jr,0,0.003202335157081186,poisson,poisson_20250312_1409,-0.003202335157081186,-0.003202335157081186,Under
2014,Travis Kvapil,0,0.0032562796783149714,poisson,poisson_20250312_1409,-0.0032562796783149714,-0.0032562796783149714,Under
2014,Ty Dillon,0,0.0034308098865753946,poisson,poisson_20250312_1409,-0.0034308098865753946,-0.0034308098865753946,Under
2014,Bobby Labonte,0,0.004158432742281685,poisson,poisson_20250312_1409,-0.004158432742281685,-0.004158432742281685,Under
2014,Michael Waltrip,0,0.005323482824308635,poisson,poisson_20250312_1409,-0.005323482824308635,-0.005323482824308635,Under
2014,Ryan Blaney,0,0.005613523445455355,poisson,poisson_20250312_1409,-0.005613523445455355,-0.005613523445455355,Under
2014,Trevor Bayne,0,0.006801105674828279,poisson,poisson_20250312_1409,-0.006801105674828279,-0.006801105674828279,Under
2014,Jeff Burton,0,0.007957644525729196,poisson,poisson_20250312_1409,-0.007957644525729196,-0.007957644525729196,Under
2014,Terry Labonte,0,0.00833975087949133,poisson,poisson_20250312_1409,-0.00833975087949133,-0.00833975087949133,Under
2014,JJ Yeley,0,0.009080349649102176,poisson,poisson_20250312_1409,-0.009080349649102176,-0.009080349649102176,Under
2014,Juan Pablo Montoya,0,0.009627302006608673,poisson,poisson_20250312_1409,-0.009627302006608673,-0.009627302006608673,Under
2014,Ryan Truex,0,0.010471724723109543,poisson,poisson_20250312_1409,-0.010471724723109543,-0.010471724723109543,Under
2014,Joe Nemechek,0,0.015994909901796504,poisson,poisson_20250312_1409,-0.015994909901796504,-0.015994909901796504,Under
2014,Josh Wise,0,0.016212404219902308,poisson,poisson_20250312_1409,-0.016212404219902308,-0.016212404219902308,Under
2014,Alex Bowman,0,0.017112615754186537,poisson,poisson_20250312_1409,-0.017112615754186537,-0.017112615754186537,Under
2014,Sam Hornish Jr,0,0.017327436906869755,poisson,poisson_20250312_1409,-0.017327436906869755,-0.017327436906869755,Under
2014,Michael McDowell,0,0.018047431647798932,poisson,poisson_20250312_1409,-0.018047431647798932,-0.018047431647798932,Under
2014,Reed Sorenson,0,0.022609828576645678,poisson,poisson_20250312_1409,-0.022609828576645678,-0.022609828576645678,Under
2014,David Ragan,0,0.02737771693335929,poisson,poisson_20250312_1409,-0.02737771693335929,-0.02737771693335929,Under
2014,David Reutimann,0,0.02958489831010812,poisson,poisson_20250312_1409,-0.02958489831010812,-0.02958489831010812,Under
2014,David Gilliland,0,0.030670319744362892,poisson,poisson_20250312_1409,-0.030670319744362892,-0.030670319744362892,Under
2014,Michael Annett,0,0.03125480980568849,poisson,poisson_20250312_1409,-0.03125480980568849,-0.03125480980568849,Under
2014,Cole Whitt,0,0.03183471368740914,poisson,poisson_20250312_1409,-0.03183471368740914,-0.03183471368740914,Under
2014,Landon Cassill,0,0.042452684810946995,poisson,poisson_20250312_1409,-0.042452684810946995,-0.042452684810946995,Under
2014,Danica Patrick,0,0.07062342172054219,poisson,poisson_20250312_1409,-0.07062342172054219,-0.07062342172054219,Under
2014,Casey Mears,0,0.0819013139371416,poisson,poisson_20250312_1409,-0.0819013139371416,-0.0819013139371416,Under
2014,Justin Allgaier,0,0.08755367212833724,poisson,poisson_20250312_1409,-0.08755367212833724,-0.08755367212833724,Under
2014,Ricky Stenhouse Jr,0,0.10227349113996811,poisson,poisson_20250312_1409,-0.10227349113996811,-0.10227349113996811,Under
2014,Marcos Ambrose,0,0.12399476726178581,poisson,poisson_20250312_1409,-0.12399476726178581,-0.12399476726178581,Under
2014,Martin Truex Jr,0,0.1363027628417192,poisson,poisson_20250312_1409,-0.1363027628417192,-0.1363027628417192,Under
2014,Tony Stewart,0,0.16952825145206776,poisson,poisson_20250312_1409,-0.16952825145206776,-0.16952825145206776,Under
2014,Austin Dillon,0,0.17917935158375214,poisson,poisson_20250312_1409,-0.17917935158375214,-0.17917935158375214,Under
2014,Brian Vickers,0,0.18087460148857357,poisson,poisson_20250312_1409,-0.18087460148857357,-0.18087460148857357,Under
2014,Paul Menard,0,0.21337579649547025,poisson,poisson_20250312_1409,-0.21337579649547025,-0.21337579649547025,Under
2014,Greg Biffle,0,0.27011495795762214,poisson,poisson_20250312_1409,-0.27011495795762214,-0.27011495795762214,Under
2014,Clint Bowyer,0,0.28516707952136267,poisson,poisson_20250312_1409,-0.28516707952136267,-0.28516707952136267,Under
2014,Matt Crafton,0,0.4205283124754596,poisson,poisson_20250312_1409,-0.4205283124754596,-0.4205283124754596,Under
2014,Eric McClure,0,0.45053144697717745,poisson,poisson_20250312_1409,-0.45053144697717745,-0.45053144697717745,Under
2014,Jamie McMurray,0,0.47148280901895046,poisson,poisson_20250312_1409,-0.47148280901895046,-0.47148280901895046,Under
2014,Ryan Newman,0,0.545051625118847,poisson,poisson_20250312_1409,-0.545051625118847,-0.545051625118847,Under
2014,Kyle Larson,0,0.6504325151615864,poisson,poisson_20250312_1409,-0.6504325151615864,-0.6504325151615864,Under
2014,Matt Kenseth,0,0.926657640943185,poisson,poisson_20250312_1409,-0.926657640943185,-0.926657640943185,Under
