race_season,team_name,actual_wins,expected_wins,model_type,model_id,win_diff,performance_diff,over_under
2014,Hendrick Motorsports,13,3.879634436796256,negbin,negbin_20250312_1325,9.120365563203745,9.120365563203745,Over
2015,Joe Gibbs Racing,14,5.696989496767866,negbin,negbin_20250312_1325,8.303010503232134,8.303010503232134,Over
2014,Team Penske,11,3.4399405449531857,negbin,negbin_20250312_1325,7.560059455046814,7.560059455046814,Over
2015,Hendrick Motorsports,9,2.3336915240559097,negbin,negbin_20250312_1325,6.66630847594409,6.66630847594409,Over
2019,Joe Gibbs Racing,19,14.103547109460814,negbin,negbin_20250312_1325,4.8964528905391855,4.8964528905391855,Over
2024,Team Penske,8,3.1725995998202334,negbin,negbin_20250312_1325,4.827400400179767,4.827400400179767,Over
2022,Hendrick Motorsports,11,6.453253234511719,negbin,negbin_20250312_1325,4.546746765488281,4.546746765488281,Over
2016,Team Penske,7,3.824483592630783,negbin,negbin_20250312_1325,3.175516407369217,3.175516407369217,Over
2016,Joe Gibbs Racing,12,8.919158888927695,negbin,negbin_20250312_1325,3.0808411110723046,3.0808411110723046,Over
2014,Stewart-Haas Racing,6,3.026580536504396,negbin,negbin_20250312_1325,2.973419463495604,2.973419463495604,Over
2020,Stewart-Haas Racing,10,7.061246241745628,negbin,negbin_20250312_1325,2.9387537582543724,2.9387537582543724,Over
2016,Hendrick Motorsports,5,2.204542308861969,negbin,negbin_20250312_1325,2.795457691138031,2.795457691138031,Over
2022,Richard Childress Racing,4,1.4348621197444063,negbin,negbin_20250312_1325,2.5651378802555937,2.5651378802555937,Over
2020,Hendrick Motorsports,7,4.4594108647523765,negbin,negbin_20250312_1325,2.5405891352476235,2.5405891352476235,Over
2020,Joe Gibbs Racing,9,6.935987646652452,negbin,negbin_20250312_1325,2.0640123533475476,2.0640123533475476,Over
2023,Hendrick Motorsports,10,8.12605863984169,negbin,negbin_20250312_1325,1.8739413601583106,1.8739413601583106,Over
2022,Team Penske,5,3.224806648666287,negbin,negbin_20250312_1325,1.775193351333713,1.775193351333713,Over
2023,Richard Childress Racing,3,1.2434165690538483,negbin,negbin_20250312_1325,1.7565834309461517,1.7565834309461517,Over
2023,Team Penske,4,2.282845443200302,negbin,negbin_20250312_1325,1.7171545567996982,1.7171545567996982,Over
2016,Furniture Row Racing,4,2.283708969517599,negbin,negbin_20250312_1325,1.716291030482401,1.716291030482401,Over
2022,Joe Gibbs Racing,6,4.495268902837241,negbin,negbin_20250312_1325,1.5047310971627592,1.5047310971627592,Over
2019,Hendrick Motorsports,4,2.527400894143759,negbin,negbin_20250312_1325,1.4725991058562409,1.4725991058562409,Over
2014,RFK Racing,2,0.5498294035722582,negbin,negbin_20250312_1325,1.4501705964277418,1.4501705964277418,Over
2015,Team Penske,7,5.567806975324983,negbin,negbin_20250312_1325,1.4321930246750174,1.4321930246750174,Over
2017,RFK Racing,2,0.6702448084192744,negbin,negbin_20250312_1325,1.3297551915807255,1.3297551915807255,Over
2021,Team Penske,5,3.682475287790631,negbin,negbin_20250312_1325,1.317524712209369,1.317524712209369,Over
2020,Team Penske,8,6.72636013549061,negbin,negbin_20250312_1325,1.2736398645093896,1.2736398645093896,Over
2023,RFK Racing,3,1.7370226922206666,negbin,negbin_20250312_1325,1.2629773077793334,1.2629773077793334,Over
2017,Hendrick Motorsports,4,2.755528823849872,negbin,negbin_20250312_1325,1.2444711761501281,1.2444711761501281,Over
2017,Richard Childress Racing,2,0.7931342071117855,negbin,negbin_20250312_1325,1.2068657928882145,1.2068657928882145,Over
2023,Trackhouse Racing,3,1.8228330367042123,negbin,negbin_20250312_1325,1.1771669632957877,1.1771669632957877,Over
2022,Stewart-Haas Racing,3,1.9313178916933942,negbin,negbin_20250312_1325,1.0686821083066058,1.0686821083066058,Over
2019,Spire Motorsports,1,0.02598964846671202,negbin,negbin_20250312_1325,0.974010351533288,0.974010351533288,Over
2024,Wood Brothers Racing,1,0.06556451087498309,negbin,negbin_20250312_1325,0.934435489125017,0.934435489125017,Over
2021,Kaulig Racing,1,0.07081491769488163,negbin,negbin_20250312_1325,0.9291850823051184,0.9291850823051184,Over
2024,23XI Racing,3,2.094615040164805,negbin,negbin_20250312_1325,0.9053849598351951,0.9053849598351951,Over
2024,Trackhouse Racing,2,1.1008792007026609,negbin,negbin_20250312_1325,0.8991207992973391,0.8991207992973391,Over
2014,JTG Daugherty Racing,1,0.10814795369041258,negbin,negbin_20250312_1325,0.8918520463095874,0.8918520463095874,Over
2021,Front Row Motorsports,1,0.11791315136511321,negbin,negbin_20250312_1325,0.8820868486348867,0.8820868486348867,Over
2014,Legacy Motor Club,1,0.1209808395704631,negbin,negbin_20250312_1325,0.8790191604295369,0.8790191604295369,Over
2021,23XI Racing,1,0.1539276171365643,negbin,negbin_20250312_1325,0.8460723828634357,0.8460723828634357,Over
2023,JTG Daugherty Racing,1,0.1624646666601474,negbin,negbin_20250312_1325,0.8375353333398526,0.8375353333398526,Over
2024,JTG Daugherty Racing,1,0.1724473304540376,negbin,negbin_20250312_1325,0.8275526695459624,0.8275526695459624,Over
2022,23XI Racing,2,1.1798692217551905,negbin,negbin_20250312_1325,0.8201307782448095,0.8201307782448095,Over
2016,Stewart-Haas Racing,6,5.186721280748157,negbin,negbin_20250312_1325,0.8132787192518434,0.8132787192518434,Over
2023,Front Row Motorsports,1,0.22145370291817648,negbin,negbin_20250312_1325,0.7785462970818235,0.7785462970818235,Over
2016,Front Row Motorsports,1,0.22860263881478177,negbin,negbin_20250312_1325,0.7713973611852183,0.7713973611852183,Over
2018,Hendrick Motorsports,3,2.2655437253232575,negbin,negbin_20250312_1325,0.7344562746767425,0.7344562746767425,Over
2023,Joe Gibbs Racing,8,7.301003138197962,negbin,negbin_20250312_1325,0.6989968618020379,0.6989968618020379,Over
2023,Kaulig Racing,1,0.32919931252851165,negbin,negbin_20250312_1325,0.6708006874714884,0.6708006874714884,Over
2022,Trackhouse Racing,3,2.3433548174542116,negbin,negbin_20250312_1325,0.6566451825457884,0.6566451825457884,Over
2024,Richard Childress Racing,1,0.4240813147244106,negbin,negbin_20250312_1325,0.5759186852755894,0.5759186852755894,Over
2022,Legacy Motor Club,1,0.4270873706807246,negbin,negbin_20250312_1325,0.5729126293192754,0.5729126293192754,Over
2017,Team Penske,4,3.453436765008533,negbin,negbin_20250312_1325,0.5465632349914671,0.5465632349914671,Over
2018,Richard Childress Racing,1,0.4609839575175528,negbin,negbin_20250312_1325,0.5390160424824473,0.5390160424824473,Over
2023,23XI Racing,2,1.4796001354038382,negbin,negbin_20250312_1325,0.5203998645961618,0.5203998645961618,Over
2017,Wood Brothers Racing,1,0.4903612525513937,negbin,negbin_20250312_1325,0.5096387474486064,0.5096387474486064,Over
2018,Team Penske,7,6.548631276862018,negbin,negbin_20250312_1325,0.45136872313798193,0.45136872313798193,Over
2022,RFK Racing,1,0.5779103036584246,negbin,negbin_20250312_1325,0.42208969634157545,0.42208969634157545,Over
2019,Team Penske,6,5.673043944633916,negbin,negbin_20250312_1325,0.3269560553660842,0.3269560553660842,Over
2020,Richard Childress Racing,1,0.7056206955363573,negbin,negbin_20250312_1325,0.2943793044636427,0.2943793044636427,Over
2014,Joe Gibbs Racing,2,1.7188411564345691,negbin,negbin_20250312_1325,0.28115884356543086,0.28115884356543086,Over
2016,Chip Ganassi Racing,1,0.7675323790098709,negbin,negbin_20250312_1325,0.23246762099012908,0.23246762099012908,Over
2021,Chip Ganassi Racing,1,0.801058924992113,negbin,negbin_20250312_1325,0.19894107500788705,0.19894107500788705,Over
2024,Stewart-Haas Racing,1,0.8304287692906721,negbin,negbin_20250312_1325,0.1695712307093279,0.1695712307093279,Over
2015,Furniture Row Racing,1,0.9727492616948129,negbin,negbin_20250312_1325,0.027250738305187094,0.027250738305187094,Over
2014,Nature Farms Racing,0,4.8029626881548095e-14,negbin,negbin_20250312_1325,-4.8029626881548095e-14,-4.8029626881548095e-14,Under
2020,Tommy Baldwin Racing,0,1.29374101739856e-13,negbin,negbin_20250312_1325,-1.29374101739856e-13,-1.29374101739856e-13,Under
2022,NY Racing Team,0,9.366161365356044e-13,negbin,negbin_20250312_1325,-9.366161365356044e-13,-9.366161365356044e-13,Under
2023,TMT Racing,0,3.1108604134262567e-12,negbin,negbin_20250312_1325,-3.1108604134262567e-12,-3.1108604134262567e-12,Under
2014,Beard Motorsports,0,1.0949603942638337e-11,negbin,negbin_20250312_1325,-1.0949603942638337e-11,-1.0949603942638337e-11,Under
2020,Beard Motorsports,0,2.0066332058621777e-11,negbin,negbin_20250312_1325,-2.0066332058621777e-11,-2.0066332058621777e-11,Under
2020,Motorsports Business Management,0,3.456335973079031e-11,negbin,negbin_20250312_1325,-3.456335973079031e-11,-3.456335973079031e-11,Under
2024,Power Source,0,2.956568445951509e-09,negbin,negbin_20250312_1325,-2.956568445951509e-09,-2.956568445951509e-09,Under
2016,Nature Farms Racing,0,0.0005159594883516502,negbin,negbin_20250312_1325,-0.0005159594883516502,-0.0005159594883516502,Under
2021,B.J. McLeod Motorsports,0,0.0005389565182031504,negbin,negbin_20250312_1325,-0.0005389565182031504,-0.0005389565182031504,Under
2014,Swan Racing,0,0.0006391536625951907,negbin,negbin_20250312_1325,-0.0006391536625951907,-0.0006391536625951907,Under
2024,Team AmeriVet,0,0.000775985597470931,negbin,negbin_20250312_1325,-0.000775985597470931,-0.000775985597470931,Under
2017,Motorsports Business Management,0,0.0019488920369142133,negbin,negbin_20250312_1325,-0.0019488920369142133,-0.0019488920369142133,Under
2014,Randy Humphrey Racing,0,0.002602405865549565,negbin,negbin_20250312_1325,-0.002602405865549565,-0.002602405865549565,Under
2018,Motorsports Business Management,0,0.003331241561201684,negbin,negbin_20250312_1325,-0.003331241561201684,-0.003331241561201684,Under
2019,Motorsports Business Management,0,0.003948182392062302,negbin,negbin_20250312_1325,-0.003948182392062302,-0.003948182392062302,Under
2018,Obaika Racing,0,0.005183485146794159,negbin,negbin_20250312_1325,-0.005183485146794159,-0.005183485146794159,Under
2020,B.J. McLeod Motorsports,0,0.005347430752377314,negbin,negbin_20250312_1325,-0.005347430752377314,-0.005347430752377314,Under
2020,StarCom Racing,0,0.005699470268237278,negbin,negbin_20250312_1325,-0.005699470268237278,-0.005699470268237278,Under
2015,NY Racing Team,0,0.005801119526911776,negbin,negbin_20250312_1325,-0.005801119526911776,-0.005801119526911776,Under
2014,Wood Brothers Racing,0,0.006060707964913913,negbin,negbin_20250312_1325,-0.006060707964913913,-0.006060707964913913,Under
2018,Phoenix Air Racing,0,0.006701814657571836,negbin,negbin_20250312_1325,-0.006701814657571836,-0.006701814657571836,Under
2020,Premium Motorsports,0,0.006903028745857437,negbin,negbin_20250312_1325,-0.006903028745857437,-0.006903028745857437,Under
2014,Circle Sport Racing,0,0.007316369854002946,negbin,negbin_20250312_1325,-0.007316369854002946,-0.007316369854002946,Under
2022,TMT Racing,0,0.007396989477312717,negbin,negbin_20250312_1325,-0.007396989477312717,-0.007396989477312717,Under
2018,NY Racing Team,0,0.007714201554989624,negbin,negbin_20250312_1325,-0.007714201554989624,-0.007714201554989624,Under
2014,Xxxtreme Motorsports,0,0.007840434161358585,negbin,negbin_20250312_1325,-0.007840434161358585,-0.007840434161358585,Under
2023,Live Fast Motorsports,0,0.0081752891663668,negbin,negbin_20250312_1325,-0.0081752891663668,-0.0081752891663668,Under
2016,Leavine Family Racing,0,0.008686168907974749,negbin,negbin_20250312_1325,-0.008686168907974749,-0.008686168907974749,Under
2019,XCI Racing,0,0.008715206563652756,negbin,negbin_20250312_1325,-0.008715206563652756,-0.008715206563652756,Under
2022,Beard Motorsports,0,0.00891496730419972,negbin,negbin_20250312_1325,-0.00891496730419972,-0.00891496730419972,Under
2015,GO FAS Racing,0,0.009045461681743429,negbin,negbin_20250312_1325,-0.009045461681743429,-0.009045461681743429,Under
2015,HScott Motorsports,0,0.010037414236472874,negbin,negbin_20250312_1325,-0.010037414236472874,-0.010037414236472874,Under
2020,Gaunt Brothers Racing,0,0.010171152702344125,negbin,negbin_20250312_1325,-0.010171152702344125,-0.010171152702344125,Under
2022,Live Fast Motorsports,0,0.010588708453457454,negbin,negbin_20250312_1325,-0.010588708453457454,-0.010588708453457454,Under
2021,StarCom Racing,0,0.011419142729946073,negbin,negbin_20250312_1325,-0.011419142729946073,-0.011419142729946073,Under
2014,NY Racing Team,0,0.011518698862278071,negbin,negbin_20250312_1325,-0.011518698862278071,-0.011518698862278071,Under
2019,Gaunt Brothers Racing,0,0.011852282099408029,negbin,negbin_20250312_1325,-0.011852282099408029,-0.011852282099408029,Under
2015,Leavine Family Racing,0,0.012214618501939518,negbin,negbin_20250312_1325,-0.012214618501939518,-0.012214618501939518,Under
2020,Spire Motorsports,0,0.012720315152171917,negbin,negbin_20250312_1325,-0.012720315152171917,-0.012720315152171917,Under
2016,HScott Motorsports,0,0.012766511591727077,negbin,negbin_20250312_1325,-0.012766511591727077,-0.012766511591727077,Under
2016,GO FAS Racing,0,0.01287856819554443,negbin,negbin_20250312_1325,-0.01287856819554443,-0.01287856819554443,Under
2014,Leavine Family Racing,0,0.013049780430469669,negbin,negbin_20250312_1325,-0.013049780430469669,-0.013049780430469669,Under
2014,Tommy Baldwin Racing,0,0.01341074247038234,negbin,negbin_20250312_1325,-0.01341074247038234,-0.01341074247038234,Under
2014,GO FAS Racing,0,0.013530870954309136,negbin,negbin_20250312_1325,-0.013530870954309136,-0.013530870954309136,Under
2021,Motorsports Business Management,0,0.014630907267450003,negbin,negbin_20250312_1325,-0.014630907267450003,-0.014630907267450003,Under
2018,Gaunt Brothers Racing,0,0.014664768270385667,negbin,negbin_20250312_1325,-0.014664768270385667,-0.014664768270385667,Under
2018,TriStar Motorsports,0,0.014706325344499917,negbin,negbin_20250312_1325,-0.014706325344499917,-0.014706325344499917,Under
2024,Rick Ware Racing,0,0.014966393853640955,negbin,negbin_20250312_1325,-0.014966393853640955,-0.014966393853640955,Under
2024,NY Racing Team,0,0.015608447833916808,negbin,negbin_20250312_1325,-0.015608447833916808,-0.015608447833916808,Under
2020,Chip Ganassi Racing,1,1.0157455483623985,negbin,negbin_20250312_1325,-0.015745548362398498,-0.015745548362398498,Under
2015,Hillman Racing,0,0.016035122103535405,negbin,negbin_20250312_1325,-0.016035122103535405,-0.016035122103535405,Under
2024,Live Fast Motorsports,0,0.016173370730383208,negbin,negbin_20250312_1325,-0.016173370730383208,-0.016173370730383208,Under
2016,Key Motorsports,0,0.016494929366369426,negbin,negbin_20250312_1325,-0.016494929366369426,-0.016494929366369426,Under
2017,NY Racing Team,0,0.016601728591278977,negbin,negbin_20250312_1325,-0.016601728591278977,-0.016601728591278977,Under
2018,StarCom Racing,0,0.0169465614071805,negbin,negbin_20250312_1325,-0.0169465614071805,-0.0169465614071805,Under
2019,Rick Ware Racing,0,0.017339584712579712,negbin,negbin_20250312_1325,-0.017339584712579712,-0.017339584712579712,Under
2017,Circle Sport Racing,0,0.017383184780941353,negbin,negbin_20250312_1325,-0.017383184780941353,-0.017383184780941353,Under
2015,Circle Sport Racing,0,0.01772275355048312,negbin,negbin_20250312_1325,-0.01772275355048312,-0.01772275355048312,Under
2022,Team Hezeberg,0,0.018372623651795292,negbin,negbin_20250312_1325,-0.018372623651795292,-0.018372623651795292,Under
2017,BK Racing,0,0.01871559571611615,negbin,negbin_20250312_1325,-0.01871559571611615,-0.01871559571611615,Under
2018,Beard Motorsports,0,0.01879630377995112,negbin,negbin_20250312_1325,-0.01879630377995112,-0.01879630377995112,Under
2020,GO FAS Racing,0,0.019233494167376426,negbin,negbin_20250312_1325,-0.019233494167376426,-0.019233494167376426,Under
2019,StarCom Racing,0,0.021760241313688658,negbin,negbin_20250312_1325,-0.021760241313688658,-0.021760241313688658,Under
2019,Beard Motorsports,0,0.022401323413390573,negbin,negbin_20250312_1325,-0.022401323413390573,-0.022401323413390573,Under
2023,Beard Motorsports,0,0.023474906070314237,negbin,negbin_20250312_1325,-0.023474906070314237,-0.023474906070314237,Under
2014,Identity Ventures Racing,0,0.023530857541422198,negbin,negbin_20250312_1325,-0.023530857541422198,-0.023530857541422198,Under
2016,NY Racing Team,0,0.023698827147745995,negbin,negbin_20250312_1325,-0.023698827147745995,-0.023698827147745995,Under
2017,Rick Ware Racing,0,0.024860743320500565,negbin,negbin_20250312_1325,-0.024860743320500565,-0.024860743320500565,Under
2014,Hillman Racing,0,0.02714672459840489,negbin,negbin_20250312_1325,-0.02714672459840489,-0.02714672459840489,Under
2019,Premium Motorsports,0,0.028054244338612803,negbin,negbin_20250312_1325,-0.028054244338612803,-0.028054244338612803,Under
2014,BK Racing,0,0.028954491798650644,negbin,negbin_20250312_1325,-0.028954491798650644,-0.028954491798650644,Under
2015,Wood Brothers Racing,0,0.02907488819386719,negbin,negbin_20250312_1325,-0.02907488819386719,-0.02907488819386719,Under
2017,Beard Motorsports,0,0.030644435124002486,negbin,negbin_20250312_1325,-0.030644435124002486,-0.030644435124002486,Under
2015,Rick Ware Racing,0,0.03092534966112287,negbin,negbin_20250312_1325,-0.03092534966112287,-0.03092534966112287,Under
2018,GO FAS Racing,0,0.03127472744589489,negbin,negbin_20250312_1325,-0.03127472744589489,-0.03127472744589489,Under
2018,Rick Ware Racing,0,0.03243073983297301,negbin,negbin_20250312_1325,-0.03243073983297301,-0.03243073983297301,Under
2024,Beard Motorsports,0,0.034611569773509515,negbin,negbin_20250312_1325,-0.034611569773509515,-0.034611569773509515,Under
2017,GO FAS Racing,0,0.034640258578742325,negbin,negbin_20250312_1325,-0.034640258578742325,-0.034640258578742325,Under
2018,Premium Motorsports,0,0.03597709620878314,negbin,negbin_20250312_1325,-0.03597709620878314,-0.03597709620878314,Under
2015,BK Racing,0,0.03901690141525,negbin,negbin_20250312_1325,-0.03901690141525,-0.03901690141525,Under
2023,Wood Brothers Racing,0,0.039311358831532785,negbin,negbin_20250312_1325,-0.039311358831532785,-0.039311358831532785,Under
2020,Germain Racing,0,0.040237166220130925,negbin,negbin_20250312_1325,-0.040237166220130925,-0.040237166220130925,Under
2016,Germain Racing,0,0.040728254742986574,negbin,negbin_20250312_1325,-0.040728254742986574,-0.040728254742986574,Under
2022,Front Row Motorsports,0,0.040735821014363044,negbin,negbin_20250312_1325,-0.040735821014363044,-0.040735821014363044,Under
2015,Richard Petty Motorsports,0,0.041456430884327676,negbin,negbin_20250312_1325,-0.041456430884327676,-0.041456430884327676,Under
2018,Leavine Family Racing,0,0.041608750669556674,negbin,negbin_20250312_1325,-0.041608750669556674,-0.041608750669556674,Under
2016,Richard Petty Motorsports,0,0.041856610621351015,negbin,negbin_20250312_1325,-0.041856610621351015,-0.041856610621351015,Under
2017,TriStar Motorsports,0,0.04224748775697154,negbin,negbin_20250312_1325,-0.04224748775697154,-0.04224748775697154,Under
2015,JTG Daugherty Racing,0,0.04475940578955125,negbin,negbin_20250312_1325,-0.04475940578955125,-0.04475940578955125,Under
2016,BK Racing,0,0.04494930228965082,negbin,negbin_20250312_1325,-0.04494930228965082,-0.04494930228965082,Under
2014,Germain Racing,0,0.04701734545935532,negbin,negbin_20250312_1325,-0.04701734545935532,-0.04701734545935532,Under
2019,GO FAS Racing,0,0.049573203852174785,negbin,negbin_20250312_1325,-0.049573203852174785,-0.049573203852174785,Under
2015,Germain Racing,0,0.04980819513519882,negbin,negbin_20250312_1325,-0.04980819513519882,-0.04980819513519882,Under
2020,Kaulig Racing,0,0.05274434361572251,negbin,negbin_20250312_1325,-0.05274434361572251,-0.05274434361572251,Under
2015,Michael Waltrip Racing,0,0.062100415309166296,negbin,negbin_20250312_1325,-0.062100415309166296,-0.062100415309166296,Under
2021,Gaunt Brothers Racing,0,0.06399705764494835,negbin,negbin_20250312_1325,-0.06399705764494835,-0.06399705764494835,Under
2014,Rick Ware Racing,0,0.06521037767353471,negbin,negbin_20250312_1325,-0.06521037767353471,-0.06521037767353471,Under
2021,Live Fast Motorsports,0,0.06533706613407222,negbin,negbin_20250312_1325,-0.06533706613407222,-0.06533706613407222,Under
2022,Kaulig Racing,0,0.06562420823795716,negbin,negbin_20250312_1325,-0.06562420823795716,-0.06562420823795716,Under
2015,Front Row Motorsports,0,0.06853610708817173,negbin,negbin_20250312_1325,-0.06853610708817173,-0.06853610708817173,Under
2021,Legacy Motor Club,0,0.07099379744643756,negbin,negbin_20250312_1325,-0.07099379744643756,-0.07099379744643756,Under
2023,Rick Ware Racing,0,0.07125432520148936,negbin,negbin_20250312_1325,-0.07125432520148936,-0.07125432520148936,Under
2017,Leavine Family Racing,0,0.07164912097943613,negbin,negbin_20250312_1325,-0.07164912097943613,-0.07164912097943613,Under
2019,Legacy Motor Club,0,0.07321484065972951,negbin,negbin_20250312_1325,-0.07321484065972951,-0.07321484065972951,Under
2018,Germain Racing,0,0.0757638558481693,negbin,negbin_20250312_1325,-0.0757638558481693,-0.0757638558481693,Under
2018,Legacy Motor Club,0,0.07608817026293882,negbin,negbin_20250312_1325,-0.07608817026293882,-0.07608817026293882,Under
2018,Ricky Benton Racing Enterprises,0,0.07867174964351642,negbin,negbin_20250312_1325,-0.07867174964351642,-0.07867174964351642,Under
2019,Germain Racing,0,0.08187876700915431,negbin,negbin_20250312_1325,-0.08187876700915431,-0.08187876700915431,Under
2023,Spire Motorsports,0,0.08190783507051916,negbin,negbin_20250312_1325,-0.08190783507051916,-0.08190783507051916,Under
2014,Furniture Row Racing,0,0.08490406138739719,negbin,negbin_20250312_1325,-0.08490406138739719,-0.08490406138739719,Under
2020,Leavine Family Racing,0,0.08523871401041871,negbin,negbin_20250312_1325,-0.08523871401041871,-0.08523871401041871,Under
2016,Legacy Motor Club,0,0.09037964284480593,negbin,negbin_20250312_1325,-0.09037964284480593,-0.09037964284480593,Under
2014,Richard Petty Motorsports,0,0.09235414814872411,negbin,negbin_20250312_1325,-0.09235414814872411,-0.09235414814872411,Under
2017,Germain Racing,0,0.09312129521204064,negbin,negbin_20250312_1325,-0.09312129521204064,-0.09312129521204064,Under
2024,Legacy Motor Club,0,0.09367033940894719,negbin,negbin_20250312_1325,-0.09367033940894719,-0.09367033940894719,Under
2020,Legacy Motor Club,0,0.09554622711362992,negbin,negbin_20250312_1325,-0.09554622711362992,-0.09554622711362992,Under
2021,Trackhouse Racing,0,0.10049516598399848,negbin,negbin_20250312_1325,-0.10049516598399848,-0.10049516598399848,Under
2020,Front Row Motorsports,0,0.10400205707633467,negbin,negbin_20250312_1325,-0.10400205707633467,-0.10400205707633467,Under
2017,Front Row Motorsports,0,0.10701535878608073,negbin,negbin_20250312_1325,-0.10701535878608073,-0.10701535878608073,Under
2022,Wood Brothers Racing,0,0.11543931561366134,negbin,negbin_20250312_1325,-0.11543931561366134,-0.11543931561366134,Under
2017,Premium Motorsports,0,0.11962651744347651,negbin,negbin_20250312_1325,-0.11962651744347651,-0.11962651744347651,Under
2015,Key Motorsports,0,0.13111977757590748,negbin,negbin_20250312_1325,-0.13111977757590748,-0.13111977757590748,Under
2021,Rick Ware Racing,0,0.13941653814556604,negbin,negbin_20250312_1325,-0.13941653814556604,-0.13941653814556604,Under
2017,Legacy Motor Club,0,0.1458749578861835,negbin,negbin_20250312_1325,-0.1458749578861835,-0.1458749578861835,Under
2014,Michael Waltrip Racing,0,0.1467390728699829,negbin,negbin_20250312_1325,-0.1467390728699829,-0.1467390728699829,Under
2022,JTG Daugherty Racing,0,0.14804294463429288,negbin,negbin_20250312_1325,-0.14804294463429288,-0.14804294463429288,Under
2018,Front Row Motorsports,0,0.15298548359278702,negbin,negbin_20250312_1325,-0.15298548359278702,-0.15298548359278702,Under
2016,Wood Brothers Racing,0,0.15443434593429745,negbin,negbin_20250312_1325,-0.15443434593429745,-0.15443434593429745,Under
2015,RFK Racing,0,0.1549440535905498,negbin,negbin_20250312_1325,-0.1549440535905498,-0.1549440535905498,Under
2020,RFK Racing,0,0.16196878667870598,negbin,negbin_20250312_1325,-0.16196878667870598,-0.16196878667870598,Under
2017,Chip Ganassi Racing,4,4.163136481597435,negbin,negbin_20250312_1325,-0.16313648159743543,-0.16313648159743543,Under
2022,Spire Motorsports,0,0.16522109156323933,negbin,negbin_20250312_1325,-0.16522109156323933,-0.16522109156323933,Under
2015,Legacy Motor Club,0,0.16579642780367976,negbin,negbin_20250312_1325,-0.16579642780367976,-0.16579642780367976,Under
2021,JTG Daugherty Racing,0,0.17598488479772528,negbin,negbin_20250312_1325,-0.17598488479772528,-0.17598488479772528,Under
2021,Wood Brothers Racing,0,0.18036154343533517,negbin,negbin_20250312_1325,-0.18036154343533517,-0.18036154343533517,Under
2021,Spire Motorsports,0,0.18249125515450998,negbin,negbin_20250312_1325,-0.18249125515450998,-0.18249125515450998,Under
2024,Kaulig Racing,0,0.1956557873347532,negbin,negbin_20250312_1325,-0.1956557873347532,-0.1956557873347532,Under
2023,Legacy Motor Club,0,0.1978461870912156,negbin,negbin_20250312_1325,-0.1978461870912156,-0.1978461870912156,Under
2019,Wood Brothers Racing,0,0.19929957132615403,negbin,negbin_20250312_1325,-0.19929957132615403,-0.19929957132615403,Under
2016,JTG Daugherty Racing,0,0.20673416463441713,negbin,negbin_20250312_1325,-0.20673416463441713,-0.20673416463441713,Under
2020,JTG Daugherty Racing,0,0.22491660395125873,negbin,negbin_20250312_1325,-0.22491660395125873,-0.22491660395125873,Under
2022,Rick Ware Racing,0,0.23501780665649707,negbin,negbin_20250312_1325,-0.23501780665649707,-0.23501780665649707,Under
2018,Wood Brothers Racing,0,0.24107862916694142,negbin,negbin_20250312_1325,-0.24107862916694142,-0.24107862916694142,Under
2018,JTG Daugherty Racing,0,0.24300267202764061,negbin,negbin_20250312_1325,-0.24300267202764061,-0.24300267202764061,Under
2020,Wood Brothers Racing,0,0.24836500871735367,negbin,negbin_20250312_1325,-0.24836500871735367,-0.24836500871735367,Under
2019,Front Row Motorsports,0,0.25072755918669115,negbin,negbin_20250312_1325,-0.25072755918669115,-0.25072755918669115,Under
2024,Front Row Motorsports,0,0.2512971792986359,negbin,negbin_20250312_1325,-0.2512971792986359,-0.2512971792986359,Under
2017,JTG Daugherty Racing,0,0.2541120948560213,negbin,negbin_20250312_1325,-0.2541120948560213,-0.2541120948560213,Under
2015,Premium Motorsports,0,0.26754076014051476,negbin,negbin_20250312_1325,-0.26754076014051476,-0.26754076014051476,Under
2014,RAB Racing,0,0.28253689564581264,negbin,negbin_20250312_1325,-0.28253689564581264,-0.28253689564581264,Under
2018,RFK Racing,0,0.29900692085380065,negbin,negbin_20250312_1325,-0.29900692085380065,-0.29900692085380065,Under
2021,RFK Racing,0,0.2999807875418715,negbin,negbin_20250312_1325,-0.2999807875418715,-0.2999807875418715,Under
2014,Premium Motorsports,0,0.30536661101663504,negbin,negbin_20250312_1325,-0.30536661101663504,-0.30536661101663504,Under
2019,Leavine Family Racing,0,0.3260901390895735,negbin,negbin_20250312_1325,-0.3260901390895735,-0.3260901390895735,Under
2019,JTG Daugherty Racing,0,0.3333632401315679,negbin,negbin_20250312_1325,-0.3333632401315679,-0.3333632401315679,Under
2024,Spire Motorsports,0,0.3343506640390267,negbin,negbin_20250312_1325,-0.3343506640390267,-0.3343506640390267,Under
2019,Richard Childress Racing,0,0.34307914399433803,negbin,negbin_20250312_1325,-0.34307914399433803,-0.34307914399433803,Under
2015,Identity Ventures Racing,0,0.34351180921968494,negbin,negbin_20250312_1325,-0.34351180921968494,-0.34351180921968494,Under
2014,Front Row Motorsports,0,0.35650600373622515,negbin,negbin_20250312_1325,-0.35650600373622515,-0.35650600373622515,Under
2024,RFK Racing,2,2.382324831770336,negbin,negbin_20250312_1325,-0.3823248317703358,-0.3823248317703358,Under
2019,Tommy Baldwin Racing,0,0.42024321580947976,negbin,negbin_20250312_1325,-0.42024321580947976,-0.42024321580947976,Under
2024,Hendrick Motorsports,11,11.425561587787927,negbin,negbin_20250312_1325,-0.42556158778792685,-0.42556158778792685,Under
2016,Premium Motorsports,0,0.4432793703716648,negbin,negbin_20250312_1325,-0.4432793703716648,-0.4432793703716648,Under
2015,Chip Ganassi Racing,0,0.45956834220166976,negbin,negbin_20250312_1325,-0.45956834220166976,-0.45956834220166976,Under
2021,Beard Motorsports,0,0.4925733689776446,negbin,negbin_20250312_1325,-0.4925733689776446,-0.4925733689776446,Under
2015,Richard Childress Racing,0,0.49719454338326957,negbin,negbin_20250312_1325,-0.49719454338326957,-0.49719454338326957,Under
2020,Rick Ware Racing,0,0.507657710938195,negbin,negbin_20250312_1325,-0.507657710938195,-0.507657710938195,Under
2016,RFK Racing,0,0.5087589500748525,negbin,negbin_20250312_1325,-0.5087589500748525,-0.5087589500748525,Under
2022,Motorsports Business Management,0,0.5376825996201979,negbin,negbin_20250312_1325,-0.5376825996201979,-0.5376825996201979,Under
2019,RFK Racing,0,0.5464084518414272,negbin,negbin_20250312_1325,-0.5464084518414272,-0.5464084518414272,Under
2019,Chip Ganassi Racing,2,2.573747880506986,negbin,negbin_20250312_1325,-0.573747880506986,-0.573747880506986,Under
2021,Richard Childress Racing,0,0.5870062955130858,negbin,negbin_20250312_1325,-0.5870062955130858,-0.5870062955130858,Under
2014,Richard Childress Racing,0,0.6640432635255903,negbin,negbin_20250312_1325,-0.6640432635255903,-0.6640432635255903,Under
2018,Furniture Row Racing,4,4.696511934389423,negbin,negbin_20250312_1325,-0.6965119343894228,-0.6965119343894228,Under
2021,Stewart-Haas Racing,1,1.7328052398631053,negbin,negbin_20250312_1325,-0.7328052398631053,-0.7328052398631053,Under
2016,Richard Childress Racing,0,0.7535596748948055,negbin,negbin_20250312_1325,-0.7535596748948055,-0.7535596748948055,Under
2018,Joe Gibbs Racing,9,9.802420443916493,negbin,negbin_20250312_1325,-0.8024204439164926,-0.8024204439164926,Under
2023,Stewart-Haas Racing,0,0.8951995266239542,negbin,negbin_20250312_1325,-0.8951995266239542,-0.8951995266239542,Under
2014,Chip Ganassi Racing,0,0.9681476920402727,negbin,negbin_20250312_1325,-0.9681476920402727,-0.9681476920402727,Under
2019,Stewart-Haas Racing,4,5.2359007042532175,negbin,negbin_20250312_1325,-1.2359007042532175,-1.2359007042532175,Under
2017,Stewart-Haas Racing,3,4.289887187680713,negbin,negbin_20250312_1325,-1.289887187680713,-1.289887187680713,Under
2018,Chip Ganassi Racing,0,2.22898581252109,negbin,negbin_20250312_1325,-2.22898581252109,-2.22898581252109,Under
2021,Joe Gibbs Racing,9,11.334476728662207,negbin,negbin_20250312_1325,-2.3344767286622066,-2.3344767286622066,Under
2017,Joe Gibbs Racing,8,10.490690489098506,negbin,negbin_20250312_1325,-2.4906904890985064,-2.4906904890985064,Under
2024,Joe Gibbs Racing,6,8.747480718872986,negbin,negbin_20250312_1325,-2.7474807188729855,-2.7474807188729855,Under
2018,Stewart-Haas Racing,12,20.325299593007884,negbin,negbin_20250312_1325,-8.325299593007884,-8.325299593007884,Under
2015,Stewart-Haas Racing,5,14.044552053191467,negbin,negbin_20250312_1325,-9.044552053191467,-9.044552053191467,Under
2017,Furniture Row Racing,8,17.051274833565273,negbin,negbin_20250312_1325,-9.051274833565273,-9.051274833565273,Under
2021,Hendrick Motorsports,17,26.74089265914253,negbin,negbin_20250312_1325,-9.740892659142531,-9.740892659142531,Under
